{
    "TypeScript": {
        "size": 6945164,
        "occurrences": 45,
        "color": "#3178c6",
        "prop": 40.69527331313872
    },
    "JavaScript": {
        "size": 1880627,
        "occurrences": 66,
        "color": "#f1e05a",
        "prop": 11.019556883763743
    },
    "CSS": {
        "size": 2034856,
        "occurrences": 44,
        "color": "#563d7c",
        "prop": 11.923263593614234
    },
    "HTML": {
        "size": 166046,
        "occurrences": 13,
        "color": "#e34c26",
        "prop": 0.9729485657291075
    },
    "Python": {
        "size": 814135,
        "occurrences": 11,
        "color": "#3572A5",
        "prop": 4.770433979498856
    },
    "Shell": {
        "size": 1087794,
        "occurrences": 14,
        "color": "#89e051",
        "prop": 6.373942233530039
    },
    "Makefile": {
        "size": 1930,
        "occurrences": 2,
        "color": "#427819",
        "prop": 0.011308858580496836
    },
    "Perl": {
        "size": 396,
        "occurrences": 1,
        "color": "#0298c3",
        "prop": 0.002320366838278107
    },
    "C": {
        "size": 396654,
        "occurrences": 10,
        "color": "#555555",
        "prop": 2.324198959268597
    },
    "Roff": {
        "size": 188279,
        "occurrences": 1,
        "color": "#ecdebe",
        "prop": 1.1032231008691005
    },
    "C++": {
        "size": 104429,
        "occurrences": 1,
        "color": "#f34b7d",
        "prop": 0.6119030014003648
    },
    "Vim Script": {
        "size": 5161,
        "occurrences": 1,
        "color": "#199f4b",
        "prop": 0.030240942556447756
    },
    "Assembly": {
        "size": 4440,
        "occurrences": 1,
        "color": "#6E4C13",
        "prop": 0.0260162342473606
    },
    "Ruby": {
        "size": 1420,
        "occurrences": 1,
        "color": "#701516",
        "prop": 0.008320507349381091
    },
    "Dockerfile": {
        "size": 15594,
        "occurrences": 12,
        "color": "#384d54",
        "prop": 0.09137323352552729
    },
    "PowerShell": {
        "size": 844,
        "occurrences": 1,
        "color": "#012456",
        "prop": 0.004945428311885663
    },
    "Vue": {
        "size": 327760,
        "occurrences": 5,
        "color": "#41b883",
        "prop": 1.9205137245303852
    },
    "PLpgSQL": {
        "size": 6645,
        "occurrences": 1,
        "color": "#336790",
        "prop": 0.03893645868777278
    },
    "Astro": {
        "size": 33753,
        "occurrences": 1,
        "color": "#ff5a03",
        "prop": 0.1977761158899014
    },
    "MDX": {
        "size": 129374,
        "occurrences": 4,
        "color": "#fcb32c",
        "prop": 0.758068533675232
    },
    "Kotlin": {
        "size": 534945,
        "occurrences": 6,
        "color": "#A97BFF",
        "prop": 3.1345167633906117
    },
    "Java": {
        "size": 2363613,
        "occurrences": 18,
        "color": "#b07219",
        "prop": 13.849619251825839
    },
    "Solidity": {
        "size": 1638,
        "occurrences": 1,
        "color": "#AA6746",
        "prop": 0.009597881012877625
    },
    "Procfile": {
        "size": 16,
        "occurrences": 1,
        "color": "#3B2F63",
        "prop": 9.375219548598414e-05
    },
    "CMake": {
        "size": 132,
        "occurrences": 1,
        "color": "#DA3434",
        "prop": 0.0007734556127593691
    },
    "Go": {
        "size": 20622,
        "occurrences": 2,
        "color": "#00ADD8",
        "prop": 0.1208348609569978
    }
}