{
    "Vue": {
        "size": 327760,
        "occurrences": 5,
        "color": "#41b883",
        "prop": 0.5615730707550887
    },
    "JavaScript": {
        "size": 2013102,
        "occurrences": 75,
        "color": "#f1e05a",
        "prop": 3.4491819376470905
    },
    "CSS": {
        "size": 2090150,
        "occurrences": 54,
        "color": "#663399",
        "prop": 3.581193415422103
    },
    "TypeScript": {
        "size": 14839907,
        "occurrences": 53,
        "color": "#3178c6",
        "prop": 25.426202537557767
    },
    "HTML": {
        "size": 630876,
        "occurrences": 17,
        "color": "#e34c26",
        "prop": 1.0809219324679256
    },
    "Shell": {
        "size": 1130796,
        "occurrences": 17,
        "color": "#89e051",
        "prop": 1.9374682149059408
    },
    "Dockerfile": {
        "size": 22995,
        "occurrences": 14,
        "color": "#384d54",
        "prop": 0.03939886734810002
    },
    "MDX": {
        "size": 129450,
        "occurrences": 5,
        "color": "#fcb32c",
        "prop": 0.22179531977436603
    },
    "PLpgSQL": {
        "size": 116086,
        "occurrences": 3,
        "color": "#336790",
        "prop": 0.19889788714814258
    },
    "Python": {
        "size": 22993166,
        "occurrences": 16,
        "color": "#3572A5",
        "prop": 39.39572503356571
    },
    "C": {
        "size": 412726,
        "occurrences": 12,
        "color": "#555555",
        "prop": 0.7071509860887988
    },
    "Roff": {
        "size": 196168,
        "occurrences": 2,
        "color": "#ecdebe",
        "prop": 0.3361077195017214
    },
    "C++": {
        "size": 104429,
        "occurrences": 1,
        "color": "#f34b7d",
        "prop": 0.17892517148487658
    },
    "Vim Script": {
        "size": 5161,
        "occurrences": 1,
        "color": "#199f4b",
        "prop": 0.008842685557014316
    },
    "Assembly": {
        "size": 4440,
        "occurrences": 1,
        "color": "#6E4C13",
        "prop": 0.007607348163755776
    },
    "Ruby": {
        "size": 1420,
        "occurrences": 1,
        "color": "#701516",
        "prop": 0.0024329807190390097
    },
    "PowerShell": {
        "size": 26541,
        "occurrences": 2,
        "color": "#012456",
        "prop": 0.04547446567888335
    },
    "Jupyter Notebook": {
        "size": 8878702,
        "occurrences": 1,
        "color": "#DA5B0B",
        "prop": 15.212472377530348
    },
    "Makefile": {
        "size": 3472,
        "occurrences": 3,
        "color": "#427819",
        "prop": 0.005948809194720733
    },
    "Perl": {
        "size": 396,
        "occurrences": 1,
        "color": "#0298c3",
        "prop": 0.000678493214605245
    },
    "TeX": {
        "size": 591911,
        "occurrences": 1,
        "color": "#3D6117",
        "prop": 1.0141605988641544
    },
    "Rust": {
        "size": 541705,
        "occurrences": 2,
        "color": "#dea584",
        "prop": 0.9281393101457934
    },
    "Go": {
        "size": 337527,
        "occurrences": 4,
        "color": "#00ADD8",
        "prop": 0.5783075233486477
    },
    "BibTeX Style": {
        "size": 28285,
        "occurrences": 1,
        "color": null,
        "prop": 0.048462577209872106
    },
    "RenderScript": {
        "size": 2,
        "occurrences": 2,
        "color": null,
        "prop": 3.426733407097197e-06
    },
    "Astro": {
        "size": 37057,
        "occurrences": 1,
        "color": "#ff5a03",
        "prop": 0.06349222993340041
    },
    "Procfile": {
        "size": 64,
        "occurrences": 3,
        "color": "#3B2F63",
        "prop": 0.0001096554690271103
    },
    "Kotlin": {
        "size": 534945,
        "occurrences": 6,
        "color": "#A97BFF",
        "prop": 0.916556951229805
    },
    "Java": {
        "size": 2363613,
        "occurrences": 18,
        "color": "#b07219",
        "prop": 4.049735814274613
    },
    "Solidity": {
        "size": 1638,
        "occurrences": 1,
        "color": "#AA6746",
        "prop": 0.002806494660412604
    },
    "CMake": {
        "size": 132,
        "occurrences": 1,
        "color": "#DA3434",
        "prop": 0.000226164404868415
    }
}