{
    "Python": {
        "size": 812764,
        "occurrences": 10,
        "color": "#3572A5",
        "prop": 4.939588250552264
    },
    "Shell": {
        "size": 1085427,
        "occurrences": 12,
        "color": "#89e051",
        "prop": 6.596702678799987
    },
    "C": {
        "size": 396654,
        "occurrences": 10,
        "color": "#555555",
        "prop": 2.41067202525525
    },
    "Roff": {
        "size": 188279,
        "occurrences": 1,
        "color": "#ecdebe",
        "prop": 1.1442691066850028
    },
    "C++": {
        "size": 104429,
        "occurrences": 1,
        "color": "#f34b7d",
        "prop": 0.6346691800041862
    },
    "Vim Script": {
        "size": 5161,
        "occurrences": 1,
        "color": "#199f4b",
        "prop": 0.0313660730065557
    },
    "Assembly": {
        "size": 4440,
        "occurrences": 1,
        "color": "#6E4C13",
        "prop": 0.026984182164136273
    },
    "Ruby": {
        "size": 1420,
        "occurrences": 1,
        "color": "#701516",
        "prop": 0.008630076277719258
    },
    "Dockerfile": {
        "size": 14228,
        "occurrences": 11,
        "color": "#384d54",
        "prop": 0.08647093329534479
    },
    "PowerShell": {
        "size": 844,
        "occurrences": 1,
        "color": "#012456",
        "prop": 0.005129425618588066
    },
    "TypeScript": {
        "size": 6348468,
        "occurrences": 43,
        "color": "#3178c6",
        "prop": 38.58293175116889
    },
    "JavaScript": {
        "size": 1877465,
        "occurrences": 64,
        "color": "#f1e05a",
        "prop": 11.410328280808582
    },
    "PLpgSQL": {
        "size": 5910,
        "occurrences": 1,
        "color": "#336790",
        "prop": 0.03591813436712733
    },
    "CSS": {
        "size": 2030384,
        "occurrences": 42,
        "color": "#563d7c",
        "prop": 12.339696333141365
    },
    "Vue": {
        "size": 327760,
        "occurrences": 5,
        "color": "#41b883",
        "prop": 1.9919674653417354
    },
    "Astro": {
        "size": 32195,
        "occurrences": 1,
        "color": "#ff5a03",
        "prop": 0.19566570828251514
    },
    "MDX": {
        "size": 129650,
        "occurrences": 4,
        "color": "#fcb32c",
        "prop": 0.78795027422979
    },
    "Kotlin": {
        "size": 534945,
        "occurrences": 6,
        "color": "#A97BFF",
        "prop": 3.251138136890513
    },
    "Java": {
        "size": 2363613,
        "occurrences": 18,
        "color": "#b07219",
        "prop": 14.364901747189329
    },
    "HTML": {
        "size": 165314,
        "occurrences": 11,
        "color": "#e34c26",
        "prop": 1.004698894207663
    },
    "Makefile": {
        "size": 1930,
        "occurrences": 2,
        "color": "#427819",
        "prop": 0.011729610715491667
    },
    "Perl": {
        "size": 396,
        "occurrences": 1,
        "color": "#0298c3",
        "prop": 0.0024066973281526944
    },
    "Solidity": {
        "size": 1638,
        "occurrences": 1,
        "color": "#AA6746",
        "prop": 0.009954975311904328
    },
    "Procfile": {
        "size": 16,
        "occurrences": 1,
        "color": "#3B2F63",
        "prop": 9.724029608697755e-05
    },
    "CMake": {
        "size": 132,
        "occurrences": 1,
        "color": "#DA3434",
        "prop": 0.0008022324427175648
    },
    "Go": {
        "size": 20622,
        "occurrences": 2,
        "color": "#00ADD8",
        "prop": 0.1253305866191032
    }
}