{
    "Python": {
        "size": 812764,
        "occurrences": 10,
        "color": "#3572A5",
        "prop": 4.971702310298491
    },
    "Shell": {
        "size": 1085427,
        "occurrences": 12,
        "color": "#89e051",
        "prop": 6.639590242137154
    },
    "C": {
        "size": 396654,
        "occurrences": 10,
        "color": "#555555",
        "prop": 2.4263446808534064
    },
    "Roff": {
        "size": 188279,
        "occurrences": 1,
        "color": "#ecdebe",
        "prop": 1.1517084163185005
    },
    "C++": {
        "size": 104429,
        "occurrences": 1,
        "color": "#f34b7d",
        "prop": 0.6387953951727208
    },
    "Vim Script": {
        "size": 5161,
        "occurrences": 1,
        "color": "#199f4b",
        "prop": 0.031569995255019315
    },
    "Assembly": {
        "size": 4440,
        "occurrences": 1,
        "color": "#6E4C13",
        "prop": 0.02715961614653861
    },
    "Ruby": {
        "size": 1420,
        "occurrences": 1,
        "color": "#701516",
        "prop": 0.008686183542361446
    },
    "Dockerfile": {
        "size": 14228,
        "occurrences": 11,
        "color": "#384d54",
        "prop": 0.08703311228219625
    },
    "PowerShell": {
        "size": 844,
        "occurrences": 1,
        "color": "#012456",
        "prop": 0.0051627738801077894
    },
    "TypeScript": {
        "size": 6242195,
        "occurrences": 43,
        "color": "#3178c6",
        "prop": 38.183698223387964
    },
    "JavaScript": {
        "size": 1877465,
        "occurrences": 64,
        "color": "#f1e05a",
        "prop": 11.48451097490115
    },
    "PLpgSQL": {
        "size": 5910,
        "occurrences": 1,
        "color": "#336790",
        "prop": 0.03615165122208179
    },
    "CSS": {
        "size": 2030374,
        "occurrences": 42,
        "color": "#563d7c",
        "prop": 12.419860016646886
    },
    "Vue": {
        "size": 327760,
        "occurrences": 5,
        "color": "#41b883",
        "prop": 2.0049179703129494
    },
    "Astro": {
        "size": 32195,
        "occurrences": 1,
        "color": "#ff5a03",
        "prop": 0.19693780221572307
    },
    "MDX": {
        "size": 129650,
        "occurrences": 4,
        "color": "#fcb32c",
        "prop": 0.7930730255402547
    },
    "Kotlin": {
        "size": 534945,
        "occurrences": 6,
        "color": "#A97BFF",
        "prop": 3.27227496835813
    },
    "Java": {
        "size": 2363613,
        "occurrences": 18,
        "color": "#b07219",
        "prop": 14.45829319796589
    },
    "HTML": {
        "size": 165314,
        "occurrences": 11,
        "color": "#e34c26",
        "prop": 1.0112308071281269
    },
    "Makefile": {
        "size": 1930,
        "occurrences": 2,
        "color": "#427819",
        "prop": 0.011805869180815205
    },
    "Perl": {
        "size": 396,
        "occurrences": 1,
        "color": "#0298c3",
        "prop": 0.0024223441427993894
    },
    "Solidity": {
        "size": 1638,
        "occurrences": 1,
        "color": "#AA6746",
        "prop": 0.010019696227033838
    },
    "Procfile": {
        "size": 16,
        "occurrences": 1,
        "color": "#3B2F63",
        "prop": 9.787249061815714e-05
    },
    "CMake": {
        "size": 132,
        "occurrences": 1,
        "color": "#DA3434",
        "prop": 0.0008074480475997965
    },
    "Go": {
        "size": 20622,
        "occurrences": 2,
        "color": "#00ADD8",
        "prop": 0.12614540634547727
    }
}