{
    "Python": {
        "size": 23012911,
        "occurrences": 16,
        "color": "#3572A5",
        "prop": 39.40957741203413
    },
    "Jupyter Notebook": {
        "size": 8878702,
        "occurrences": 1,
        "color": "#DA5B0B",
        "prop": 15.204764568349576
    },
    "TypeScript": {
        "size": 14842623,
        "occurrences": 53,
        "color": "#3178c6",
        "prop": 25.417970812824947
    },
    "PowerShell": {
        "size": 26541,
        "occurrences": 2,
        "color": "#012456",
        "prop": 0.045451424815087405
    },
    "JavaScript": {
        "size": 2013169,
        "occurrences": 75,
        "color": "#f1e05a",
        "prop": 3.4475490540508904
    },
    "CSS": {
        "size": 2090150,
        "occurrences": 54,
        "color": "#663399",
        "prop": 3.5793789072474635
    },
    "Roff": {
        "size": 196168,
        "occurrences": 2,
        "color": "#ecdebe",
        "prop": 0.3359374214658854
    },
    "C": {
        "size": 412726,
        "occurrences": 12,
        "color": "#555555",
        "prop": 0.7067926889805117
    },
    "PLpgSQL": {
        "size": 116086,
        "occurrences": 3,
        "color": "#336790",
        "prop": 0.19879711017234603
    },
    "Dockerfile": {
        "size": 22995,
        "occurrences": 14,
        "color": "#384d54",
        "prop": 0.039378904849965514
    },
    "HTML": {
        "size": 630876,
        "occurrences": 17,
        "color": "#e34c26",
        "prop": 1.0803742542346964
    },
    "Shell": {
        "size": 1131930,
        "occurrences": 17,
        "color": "#89e051",
        "prop": 1.9384285178004552
    },
    "Go": {
        "size": 343452,
        "occurrences": 5,
        "color": "#00ADD8",
        "prop": 0.5881610623409592
    },
    "MDX": {
        "size": 129450,
        "occurrences": 5,
        "color": "#fcb32c",
        "prop": 0.2216829411971314
    },
    "C++": {
        "size": 104429,
        "occurrences": 1,
        "color": "#f34b7d",
        "prop": 0.1788345142238334
    },
    "Vim Script": {
        "size": 5161,
        "occurrences": 1,
        "color": "#199f4b",
        "prop": 0.008838205172023137
    },
    "Assembly": {
        "size": 4440,
        "occurrences": 1,
        "color": "#6E4C13",
        "prop": 0.007603493695753289
    },
    "Ruby": {
        "size": 1420,
        "occurrences": 1,
        "color": "#701516",
        "prop": 0.002431747983776953
    },
    "Vue": {
        "size": 327760,
        "occurrences": 5,
        "color": "#41b883",
        "prop": 0.5612885346216437
    },
    "Makefile": {
        "size": 3472,
        "occurrences": 3,
        "color": "#427819",
        "prop": 0.005945795070192663
    },
    "Perl": {
        "size": 396,
        "occurrences": 1,
        "color": "#0298c3",
        "prop": 0.0006781494377293474
    },
    "TeX": {
        "size": 591911,
        "occurrences": 1,
        "color": "#3D6117",
        "prop": 1.013646747060141
    },
    "Rust": {
        "size": 541705,
        "occurrences": 2,
        "color": "#dea584",
        "prop": 0.9276690433464044
    },
    "BibTeX Style": {
        "size": 28285,
        "occurrences": 1,
        "color": null,
        "prop": 0.04843802233882473
    },
    "RenderScript": {
        "size": 2,
        "occurrences": 2,
        "color": null,
        "prop": 3.42499716024923e-06
    },
    "Astro": {
        "size": 37057,
        "occurrences": 1,
        "color": "#ff5a03",
        "prop": 0.06346005988367785
    },
    "Procfile": {
        "size": 64,
        "occurrences": 3,
        "color": "#3B2F63",
        "prop": 0.00010959990912797535
    },
    "Kotlin": {
        "size": 534945,
        "occurrences": 6,
        "color": "#A97BFF",
        "prop": 0.916092552944762
    },
    "Java": {
        "size": 2363613,
        "occurrences": 18,
        "color": "#b07219",
        "prop": 4.047683906464081
    },
    "Solidity": {
        "size": 1638,
        "occurrences": 1,
        "color": "#AA6746",
        "prop": 0.002805072674244119
    },
    "CMake": {
        "size": 132,
        "occurrences": 1,
        "color": "#DA3434",
        "prop": 0.00022604981257644914
    }
}