{
    "TypeScript": {
        "size": 6622394,
        "occurrences": 44,
        "color": "#3178c6",
        "prop": 39.56994060858676
    },
    "JavaScript": {
        "size": 1879519,
        "occurrences": 65,
        "color": "#f1e05a",
        "prop": 11.230448566290436
    },
    "PLpgSQL": {
        "size": 6645,
        "occurrences": 1,
        "color": "#336790",
        "prop": 0.03970501533796676
    },
    "CSS": {
        "size": 2032257,
        "occurrences": 43,
        "color": "#563d7c",
        "prop": 12.143084327417654
    },
    "Dockerfile": {
        "size": 14228,
        "occurrences": 11,
        "color": "#384d54",
        "prop": 0.08501474164463371
    },
    "Shell": {
        "size": 1086762,
        "occurrences": 13,
        "color": "#89e051",
        "prop": 6.4935894475123295
    },
    "HTML": {
        "size": 165680,
        "occurrences": 12,
        "color": "#e34c26",
        "prop": 0.989966432083421
    },
    "Python": {
        "size": 812764,
        "occurrences": 10,
        "color": "#3572A5",
        "prop": 4.856404377147813
    },
    "Makefile": {
        "size": 1930,
        "occurrences": 2,
        "color": "#427819",
        "prop": 0.011532081204255208
    },
    "Perl": {
        "size": 396,
        "occurrences": 1,
        "color": "#0298c3",
        "prop": 0.002366167956935265
    },
    "C": {
        "size": 396654,
        "occurrences": 10,
        "color": "#555555",
        "prop": 2.3700757191671733
    },
    "Roff": {
        "size": 188279,
        "occurrences": 1,
        "color": "#ecdebe",
        "prop": 1.1249993352621586
    },
    "C++": {
        "size": 104429,
        "occurrences": 1,
        "color": "#f34b7d",
        "prop": 0.6239811958959414
    },
    "Vim Script": {
        "size": 5161,
        "occurrences": 1,
        "color": "#199f4b",
        "prop": 0.030837860671067936
    },
    "Assembly": {
        "size": 4440,
        "occurrences": 1,
        "color": "#6E4C13",
        "prop": 0.026529761941395398
    },
    "Ruby": {
        "size": 1420,
        "occurrences": 1,
        "color": "#701516",
        "prop": 0.00848474368395979
    },
    "PowerShell": {
        "size": 844,
        "occurrences": 1,
        "color": "#012456",
        "prop": 0.005043044837508495
    },
    "Astro": {
        "size": 33743,
        "occurrences": 1,
        "color": "#ff5a03",
        "prop": 0.20162021558299661
    },
    "MDX": {
        "size": 129650,
        "occurrences": 4,
        "color": "#fcb32c",
        "prop": 0.7746809990319624
    },
    "Vue": {
        "size": 327760,
        "occurrences": 5,
        "color": "#41b883",
        "prop": 1.9584222463765215
    },
    "Kotlin": {
        "size": 534945,
        "occurrences": 6,
        "color": "#A97BFF",
        "prop": 3.196388176067514
    },
    "Java": {
        "size": 2363613,
        "occurrences": 18,
        "color": "#b07219",
        "prop": 14.122993290898062
    },
    "Solidity": {
        "size": 1638,
        "occurrences": 1,
        "color": "#AA6746",
        "prop": 0.00978733109459587
    },
    "Procfile": {
        "size": 16,
        "occurrences": 1,
        "color": "#3B2F63",
        "prop": 9.560274573475819e-05
    },
    "CMake": {
        "size": 132,
        "occurrences": 1,
        "color": "#DA3434",
        "prop": 0.000788722652311755
    },
    "Go": {
        "size": 20622,
        "occurrences": 2,
        "color": "#00ADD8",
        "prop": 0.12321998890888645
    }
}