{
    "Vue": {
        "size": 327760,
        "occurrences": 5,
        "color": "#41b883",
        "prop": 1.7559053675438443
    },
    "JavaScript": {
        "size": 1977818,
        "occurrences": 69,
        "color": "#f1e05a",
        "prop": 10.595744575984963
    },
    "CSS": {
        "size": 2054855,
        "occurrences": 47,
        "color": "#563d7c",
        "prop": 11.008454125043649
    },
    "TypeScript": {
        "size": 8307888,
        "occurrences": 47,
        "color": "#3178c6",
        "prop": 44.50776523112367
    },
    "PLpgSQL": {
        "size": 11359,
        "occurrences": 3,
        "color": "#336790",
        "prop": 0.060853457011015764
    },
    "Shell": {
        "size": 1088589,
        "occurrences": 14,
        "color": "#89e051",
        "prop": 5.831886954323853
    },
    "Dockerfile": {
        "size": 18599,
        "occurrences": 14,
        "color": "#384d54",
        "prop": 0.09964023654792518
    },
    "Python": {
        "size": 908240,
        "occurrences": 14,
        "color": "#3572A5",
        "prop": 4.8657050616854445
    },
    "HTML": {
        "size": 168687,
        "occurrences": 16,
        "color": "#e34c26",
        "prop": 0.9037051767600331
    },
    "Procfile": {
        "size": 88,
        "occurrences": 4,
        "color": "#3B2F63",
        "prop": 0.00047144151923315323
    },
    "MDX": {
        "size": 129374,
        "occurrences": 4,
        "color": "#fcb32c",
        "prop": 0.6930940353326133
    },
    "TeX": {
        "size": 14641,
        "occurrences": 1,
        "color": "#3D6117",
        "prop": 0.07843608276241587
    },
    "C": {
        "size": 396654,
        "occurrences": 10,
        "color": "#555555",
        "prop": 2.1249905042034904
    },
    "Roff": {
        "size": 188279,
        "occurrences": 1,
        "color": "#ecdebe",
        "prop": 1.0086652022693052
    },
    "C++": {
        "size": 104429,
        "occurrences": 1,
        "color": "#f34b7d",
        "prop": 0.5594564364999882
    },
    "Vim Script": {
        "size": 5161,
        "occurrences": 1,
        "color": "#199f4b",
        "prop": 0.027648973645026182
    },
    "Assembly": {
        "size": 4440,
        "occurrences": 1,
        "color": "#6E4C13",
        "prop": 0.023786367561309096
    },
    "Ruby": {
        "size": 1420,
        "occurrences": 1,
        "color": "#701516",
        "prop": 0.007607351787625882
    },
    "PowerShell": {
        "size": 844,
        "occurrences": 1,
        "color": "#012456",
        "prop": 0.004521552752645243
    },
    "Makefile": {
        "size": 1930,
        "occurrences": 2,
        "color": "#427819",
        "prop": 0.010339569683181655
    },
    "Perl": {
        "size": 396,
        "occurrences": 1,
        "color": "#0298c3",
        "prop": 0.0021214868365491894
    },
    "Astro": {
        "size": 33753,
        "occurrences": 1,
        "color": "#ff5a03",
        "prop": 0.1808246090758707
    },
    "Kotlin": {
        "size": 534945,
        "occurrences": 6,
        "color": "#A97BFF",
        "prop": 2.8658554943883994
    },
    "Java": {
        "size": 2363613,
        "occurrences": 18,
        "color": "#b07219",
        "prop": 12.66256026817308
    },
    "Solidity": {
        "size": 1638,
        "occurrences": 1,
        "color": "#AA6746",
        "prop": 0.008775241005726193
    },
    "CMake": {
        "size": 132,
        "occurrences": 1,
        "color": "#DA3434",
        "prop": 0.0007071622788497299
    },
    "Go": {
        "size": 20622,
        "occurrences": 2,
        "color": "#00ADD8",
        "prop": 0.11047803420029642
    }
}