{
    "Python": {
        "size": 908240,
        "occurrences": 14,
        "color": "#3572A5",
        "prop": 4.84368962820373
    },
    "Vue": {
        "size": 327760,
        "occurrences": 5,
        "color": "#41b883",
        "prop": 1.747960574892159
    },
    "JavaScript": {
        "size": 1979413,
        "occurrences": 69,
        "color": "#f1e05a",
        "prop": 10.556309145194694
    },
    "CSS": {
        "size": 2054855,
        "occurrences": 47,
        "color": "#563d7c",
        "prop": 10.958645127898546
    },
    "TypeScript": {
        "size": 8391134,
        "occurrences": 47,
        "color": "#3178c6",
        "prop": 44.750339915295164
    },
    "PLpgSQL": {
        "size": 11359,
        "occurrences": 3,
        "color": "#336790",
        "prop": 0.060578118654503396
    },
    "Shell": {
        "size": 1088589,
        "occurrences": 14,
        "color": "#89e051",
        "prop": 5.805499921470834
    },
    "Dockerfile": {
        "size": 18599,
        "occurrences": 14,
        "color": "#384d54",
        "prop": 0.09918940301567997
    },
    "HTML": {
        "size": 168687,
        "occurrences": 16,
        "color": "#e34c26",
        "prop": 0.8996162603637834
    },
    "Procfile": {
        "size": 88,
        "occurrences": 4,
        "color": "#3B2F63",
        "prop": 0.0004693084286993837
    },
    "MDX": {
        "size": 129374,
        "occurrences": 4,
        "color": "#fcb32c",
        "prop": 0.6899580528926599
    },
    "TeX": {
        "size": 14641,
        "occurrences": 1,
        "color": "#3D6117",
        "prop": 0.07808118982485995
    },
    "C": {
        "size": 396654,
        "occurrences": 10,
        "color": "#555555",
        "prop": 2.115375744060515
    },
    "Roff": {
        "size": 188279,
        "occurrences": 1,
        "color": "#ecdebe",
        "prop": 1.0041013823533098
    },
    "C++": {
        "size": 104429,
        "occurrences": 1,
        "color": "#f34b7d",
        "prop": 0.5569251125073629
    },
    "Vim Script": {
        "size": 5161,
        "occurrences": 1,
        "color": "#199f4b",
        "prop": 0.027523872733153626
    },
    "Assembly": {
        "size": 4440,
        "occurrences": 1,
        "color": "#6E4C13",
        "prop": 0.02367874344801436
    },
    "Ruby": {
        "size": 1420,
        "occurrences": 1,
        "color": "#701516",
        "prop": 0.0075729314631036914
    },
    "PowerShell": {
        "size": 844,
        "occurrences": 1,
        "color": "#012456",
        "prop": 0.0045010944752531794
    },
    "Makefile": {
        "size": 1930,
        "occurrences": 2,
        "color": "#427819",
        "prop": 0.010292787129429666
    },
    "Perl": {
        "size": 396,
        "occurrences": 1,
        "color": "#0298c3",
        "prop": 0.0021118879291472264
    },
    "Astro": {
        "size": 33753,
        "occurrences": 1,
        "color": "#ff5a03",
        "prop": 0.1800064476578443
    },
    "Kotlin": {
        "size": 534945,
        "occurrences": 6,
        "color": "#A97BFF",
        "prop": 2.85288860671127
    },
    "Java": {
        "size": 2363613,
        "occurrences": 18,
        "color": "#b07219",
        "prop": 12.605267080493595
    },
    "Solidity": {
        "size": 1638,
        "occurrences": 1,
        "color": "#AA6746",
        "prop": 0.008735536434199892
    },
    "CMake": {
        "size": 132,
        "occurrences": 1,
        "color": "#DA3434",
        "prop": 0.0007039626430490755
    },
    "Go": {
        "size": 20622,
        "occurrences": 2,
        "color": "#00ADD8",
        "prop": 0.10997816382543965
    }
}