{
    "TypeScript": {
        "size": 9102520,
        "occurrences": 46,
        "color": "#3178c6",
        "prop": 46.59555764227662
    },
    "Python": {
        "size": 956769,
        "occurrences": 16,
        "color": "#3572A5",
        "prop": 4.897675049309791
    },
    "JavaScript": {
        "size": 1973796,
        "occurrences": 68,
        "color": "#f1e05a",
        "prop": 10.103809197024013
    },
    "CSS": {
        "size": 2057561,
        "occurrences": 47,
        "color": "#563d7c",
        "prop": 10.532600002856388
    },
    "PLpgSQL": {
        "size": 3650,
        "occurrences": 2,
        "color": "#336790",
        "prop": 0.0186842528656141
    },
    "Dockerfile": {
        "size": 21817,
        "occurrences": 14,
        "color": "#384d54",
        "prop": 0.11168064240249392
    },
    "HTML": {
        "size": 179738,
        "occurrences": 17,
        "color": "#e34c26",
        "prop": 0.9200740387834923
    },
    "Procfile": {
        "size": 88,
        "occurrences": 4,
        "color": "#3B2F63",
        "prop": 0.0004504696581298742
    },
    "TeX": {
        "size": 26260,
        "occurrences": 1,
        "color": "#3D6117",
        "prop": 0.13442424116466473
    },
    "Shell": {
        "size": 1088589,
        "occurrences": 14,
        "color": "#89e051",
        "prop": 5.572458121294791
    },
    "Astro": {
        "size": 33753,
        "occurrences": 1,
        "color": "#ff5a03",
        "prop": 0.17278070875974594
    },
    "MDX": {
        "size": 129374,
        "occurrences": 4,
        "color": "#fcb32c",
        "prop": 0.6622620630783448
    },
    "C": {
        "size": 405643,
        "occurrences": 11,
        "color": "#555555",
        "prop": 2.07647572196337
    },
    "Roff": {
        "size": 188279,
        "occurrences": 1,
        "color": "#ecdebe",
        "prop": 0.9637951904890294
    },
    "C++": {
        "size": 104429,
        "occurrences": 1,
        "color": "#f34b7d",
        "prop": 0.534569271918689
    },
    "Vim Script": {
        "size": 5161,
        "occurrences": 1,
        "color": "#199f4b",
        "prop": 0.026419021654639555
    },
    "Assembly": {
        "size": 4440,
        "occurrences": 1,
        "color": "#6E4C13",
        "prop": 0.022728241842007287
    },
    "Ruby": {
        "size": 1420,
        "occurrences": 1,
        "color": "#701516",
        "prop": 0.007268942210732061
    },
    "PowerShell": {
        "size": 844,
        "occurrences": 1,
        "color": "#012456",
        "prop": 0.004320413539336521
    },
    "Vue": {
        "size": 327760,
        "occurrences": 5,
        "color": "#41b883",
        "prop": 1.6777947175982677
    },
    "Makefile": {
        "size": 1930,
        "occurrences": 2,
        "color": "#427819",
        "prop": 0.009879618638530195
    },
    "Perl": {
        "size": 396,
        "occurrences": 1,
        "color": "#0298c3",
        "prop": 0.002027113461584434
    },
    "Kotlin": {
        "size": 534945,
        "occurrences": 6,
        "color": "#A97BFF",
        "prop": 2.73836921895779
    },
    "Java": {
        "size": 2363613,
        "occurrences": 18,
        "color": "#b07219",
        "prop": 12.099272046151436
    },
    "Solidity": {
        "size": 1638,
        "occurrences": 1,
        "color": "#AA6746",
        "prop": 0.008384878409281067
    },
    "CMake": {
        "size": 132,
        "occurrences": 1,
        "color": "#DA3434",
        "prop": 0.0006757044871948112
    },
    "Go": {
        "size": 20622,
        "occurrences": 2,
        "color": "#00ADD8",
        "prop": 0.10556346920402575
    }
}