{
    "TypeScript": {
        "size": 8117414,
        "occurrences": 47,
        "color": "#3178c6",
        "prop": 41.75162296848621
    },
    "JavaScript": {
        "size": 1978984,
        "occurrences": 69,
        "color": "#f1e05a",
        "prop": 10.178832055216933
    },
    "CSS": {
        "size": 2055369,
        "occurrences": 47,
        "color": "#563d7c",
        "prop": 10.571715517911803
    },
    "Python": {
        "size": 908240,
        "occurrences": 14,
        "color": "#3572A5",
        "prop": 4.671499327852184
    },
    "HTML": {
        "size": 1133479,
        "occurrences": 17,
        "color": "#e34c26",
        "prop": 5.830007912704314
    },
    "PLpgSQL": {
        "size": 11359,
        "occurrences": 3,
        "color": "#336790",
        "prop": 0.05842460237940739
    },
    "Shell": {
        "size": 1088589,
        "occurrences": 14,
        "color": "#89e051",
        "prop": 5.5991178342808965
    },
    "Dockerfile": {
        "size": 18599,
        "occurrences": 14,
        "color": "#384d54",
        "prop": 0.09566327842720292
    },
    "Vue": {
        "size": 327760,
        "occurrences": 5,
        "color": "#41b883",
        "prop": 1.685821610694125
    },
    "C": {
        "size": 396654,
        "occurrences": 10,
        "color": "#555555",
        "prop": 2.040175387992029
    },
    "Roff": {
        "size": 188279,
        "occurrences": 1,
        "color": "#ecdebe",
        "prop": 0.9684061723208419
    },
    "C++": {
        "size": 104429,
        "occurrences": 1,
        "color": "#f34b7d",
        "prop": 0.5371267542811105
    },
    "Vim Script": {
        "size": 5161,
        "occurrences": 1,
        "color": "#199f4b",
        "prop": 0.0265454153429106
    },
    "Assembly": {
        "size": 4440,
        "occurrences": 1,
        "color": "#6E4C13",
        "prop": 0.022836978128758588
    },
    "Ruby": {
        "size": 1420,
        "occurrences": 1,
        "color": "#701516",
        "prop": 0.007303718230368736
    },
    "PowerShell": {
        "size": 844,
        "occurrences": 1,
        "color": "#012456",
        "prop": 0.004341083229881137
    },
    "Procfile": {
        "size": 88,
        "occurrences": 4,
        "color": "#3B2F63",
        "prop": 0.0004526247917411611
    },
    "MDX": {
        "size": 129374,
        "occurrences": 4,
        "color": "#fcb32c",
        "prop": 0.6654304523491021
    },
    "TeX": {
        "size": 14641,
        "occurrences": 1,
        "color": "#3D6117",
        "prop": 0.0753054497259357
    },
    "Makefile": {
        "size": 1930,
        "occurrences": 2,
        "color": "#427819",
        "prop": 0.009926884637050467
    },
    "Perl": {
        "size": 396,
        "occurrences": 1,
        "color": "#0298c3",
        "prop": 0.0020368115628352254
    },
    "Astro": {
        "size": 33753,
        "occurrences": 1,
        "color": "#ff5a03",
        "prop": 0.17360732495044787
    },
    "Kotlin": {
        "size": 534945,
        "occurrences": 6,
        "color": "#A97BFF",
        "prop": 2.751470104749721
    },
    "Java": {
        "size": 2363613,
        "occurrences": 18,
        "color": "#b07219",
        "prop": 12.15715729411024
    },
    "Solidity": {
        "size": 1638,
        "occurrences": 1,
        "color": "#AA6746",
        "prop": 0.008424993282636612
    },
    "CMake": {
        "size": 132,
        "occurrences": 1,
        "color": "#DA3434",
        "prop": 0.0006789371876117417
    },
    "Go": {
        "size": 20622,
        "occurrences": 2,
        "color": "#00ADD8",
        "prop": 0.1060685051737071
    }
}