{
    "Python": {
        "size": 821932,
        "occurrences": 13,
        "color": "#3572A5",
        "prop": 4.64961542179885
    },
    "TypeScript": {
        "size": 7430841,
        "occurrences": 46,
        "color": "#3178c6",
        "prop": 42.03578022334595
    },
    "JavaScript": {
        "size": 1974260,
        "occurrences": 68,
        "color": "#f1e05a",
        "prop": 11.168259348267979
    },
    "PLpgSQL": {
        "size": 8470,
        "occurrences": 2,
        "color": "#336790",
        "prop": 0.047914234538424416
    },
    "CSS": {
        "size": 2052690,
        "occurrences": 46,
        "color": "#563d7c",
        "prop": 11.611932714838066
    },
    "Shell": {
        "size": 1088529,
        "occurrences": 14,
        "color": "#89e051",
        "prop": 6.157737167399834
    },
    "Dockerfile": {
        "size": 17118,
        "occurrences": 13,
        "color": "#384d54",
        "prop": 0.09683540340363035
    },
    "Vue": {
        "size": 327760,
        "occurrences": 5,
        "color": "#41b883",
        "prop": 1.8541168255388416
    },
    "MDX": {
        "size": 129374,
        "occurrences": 4,
        "color": "#fcb32c",
        "prop": 0.7318602336687273
    },
    "HTML": {
        "size": 168125,
        "occurrences": 15,
        "color": "#e34c26",
        "prop": 0.9510720993828341
    },
    "Procfile": {
        "size": 64,
        "occurrences": 3,
        "color": "#3B2F63",
        "prop": 0.0003620438028877406
    },
    "C": {
        "size": 396654,
        "occurrences": 10,
        "color": "#555555",
        "prop": 2.243845665478654
    },
    "Roff": {
        "size": 188279,
        "occurrences": 1,
        "color": "#ecdebe",
        "prop": 1.0650819556859517
    },
    "C++": {
        "size": 104429,
        "occurrences": 1,
        "color": "#f34b7d",
        "prop": 0.5907480045588104
    },
    "Vim Script": {
        "size": 5161,
        "occurrences": 1,
        "color": "#199f4b",
        "prop": 0.029195438542244205
    },
    "Assembly": {
        "size": 4440,
        "occurrences": 1,
        "color": "#6E4C13",
        "prop": 0.025116788825337
    },
    "Ruby": {
        "size": 1420,
        "occurrences": 1,
        "color": "#701516",
        "prop": 0.008032846876571744
    },
    "PowerShell": {
        "size": 844,
        "occurrences": 1,
        "color": "#012456",
        "prop": 0.004774452650582079
    },
    "Makefile": {
        "size": 1930,
        "occurrences": 2,
        "color": "#427819",
        "prop": 0.010917883430833428
    },
    "Perl": {
        "size": 396,
        "occurrences": 1,
        "color": "#0298c3",
        "prop": 0.0022401460303678945
    },
    "Astro": {
        "size": 33753,
        "occurrences": 1,
        "color": "#ff5a03",
        "prop": 0.1909385074823423
    },
    "Kotlin": {
        "size": 534945,
        "occurrences": 6,
        "color": "#A97BFF",
        "prop": 3.0261487833715996
    },
    "Java": {
        "size": 2363613,
        "occurrences": 18,
        "color": "#b07219",
        "prop": 13.37080373554533
    },
    "Solidity": {
        "size": 1638,
        "occurrences": 1,
        "color": "#AA6746",
        "prop": 0.00926605858015811
    },
    "CMake": {
        "size": 132,
        "occurrences": 1,
        "color": "#DA3434",
        "prop": 0.000746715343455965
    },
    "Go": {
        "size": 20622,
        "occurrences": 2,
        "color": "#00ADD8",
        "prop": 0.11665730161173415
    }
}