{
    "TypeScript": {
        "size": 9328142,
        "occurrences": 46,
        "color": "#3178c6",
        "prop": 46.80517636898415
    },
    "JavaScript": {
        "size": 1973293,
        "occurrences": 68,
        "color": "#f1e05a",
        "prop": 9.90125653025885
    },
    "CSS": {
        "size": 2057561,
        "occurrences": 47,
        "color": "#563d7c",
        "prop": 10.324082276507305
    },
    "Dockerfile": {
        "size": 22070,
        "occurrences": 14,
        "color": "#384d54",
        "prop": 0.11073912065912808
    },
    "Shell": {
        "size": 1088589,
        "occurrences": 14,
        "color": "#89e051",
        "prop": 5.462138134082446
    },
    "Python": {
        "size": 1023888,
        "occurrences": 16,
        "color": "#3572A5",
        "prop": 5.1374923775909975
    },
    "PLpgSQL": {
        "size": 3650,
        "occurrences": 2,
        "color": "#336790",
        "prop": 0.0183143538924249
    },
    "HTML": {
        "size": 179738,
        "occurrences": 17,
        "color": "#e34c26",
        "prop": 0.9018589972374428
    },
    "Procfile": {
        "size": 151,
        "occurrences": 4,
        "color": "#3B2F63",
        "prop": 0.0007576623117140163
    },
    "TeX": {
        "size": 59543,
        "occurrences": 1,
        "color": "#3D6117",
        "prop": 0.29876481474428923
    },
    "Rust": {
        "size": 48591,
        "occurrences": 1,
        "color": "#dea584",
        "prop": 0.2438117178046077
    },
    "Go": {
        "size": 40749,
        "occurrences": 3,
        "color": "#00ADD8",
        "prop": 0.20446345390751292
    },
    "RenderScript": {
        "size": 1,
        "occurrences": 1,
        "color": null,
        "prop": 5.017631203404082e-06
    },
    "Vue": {
        "size": 327760,
        "occurrences": 5,
        "color": "#41b883",
        "prop": 1.6445788032277218
    },
    "C": {
        "size": 405643,
        "occurrences": 11,
        "color": "#555555",
        "prop": 2.035366974242442
    },
    "Roff": {
        "size": 188279,
        "occurrences": 1,
        "color": "#ecdebe",
        "prop": 0.9447145853457171
    },
    "C++": {
        "size": 104429,
        "occurrences": 1,
        "color": "#f34b7d",
        "prop": 0.5239862089402848
    },
    "Vim Script": {
        "size": 5161,
        "occurrences": 1,
        "color": "#199f4b",
        "prop": 0.025895994640768465
    },
    "Assembly": {
        "size": 4440,
        "occurrences": 1,
        "color": "#6E4C13",
        "prop": 0.022278282543114123
    },
    "Ruby": {
        "size": 1420,
        "occurrences": 1,
        "color": "#701516",
        "prop": 0.007125036308833796
    },
    "PowerShell": {
        "size": 844,
        "occurrences": 1,
        "color": "#012456",
        "prop": 0.004234880735673045
    },
    "Makefile": {
        "size": 1930,
        "occurrences": 2,
        "color": "#427819",
        "prop": 0.009684028222569876
    },
    "Perl": {
        "size": 396,
        "occurrences": 1,
        "color": "#0298c3",
        "prop": 0.0019869819565480162
    },
    "Astro": {
        "size": 33753,
        "occurrences": 1,
        "color": "#ff5a03",
        "prop": 0.16936010600849796
    },
    "MDX": {
        "size": 129374,
        "occurrences": 4,
        "color": "#fcb32c",
        "prop": 0.6491510193091996
    },
    "Kotlin": {
        "size": 534945,
        "occurrences": 6,
        "color": "#A97BFF",
        "prop": 2.6841567241049966
    },
    "Java": {
        "size": 2363613,
        "occurrences": 18,
        "color": "#b07219",
        "prop": 11.85973834157153
    },
    "Solidity": {
        "size": 1638,
        "occurrences": 1,
        "color": "#AA6746",
        "prop": 0.008218879911175885
    },
    "CMake": {
        "size": 132,
        "occurrences": 1,
        "color": "#DA3434",
        "prop": 0.0006623273188493387
    }
}