{
    "Python": {
        "size": 817943,
        "occurrences": 12,
        "color": "#3572A5",
        "prop": 4.753056841107486
    },
    "JavaScript": {
        "size": 1971251,
        "occurrences": 67,
        "color": "#f1e05a",
        "prop": 11.454915625037408
    },
    "CSS": {
        "size": 2050525,
        "occurrences": 45,
        "color": "#563d7c",
        "prop": 11.91557587645096
    },
    "HTML": {
        "size": 167767,
        "occurrences": 14,
        "color": "#e34c26",
        "prop": 0.9748919998851749
    },
    "Procfile": {
        "size": 40,
        "occurrences": 2,
        "color": "#3B2F63",
        "prop": 0.00023243951429903972
    },
    "TypeScript": {
        "size": 6974709,
        "occurrences": 45,
        "color": "#3178c6",
        "prop": 40.52994930842853
    },
    "PLpgSQL": {
        "size": 6645,
        "occurrences": 1,
        "color": "#336790",
        "prop": 0.03861401431292797
    },
    "Shell": {
        "size": 1088900,
        "occurrences": 14,
        "color": "#89e051",
        "prop": 6.327584678005609
    },
    "Dockerfile": {
        "size": 15608,
        "occurrences": 12,
        "color": "#384d54",
        "prop": 0.0906978984794853
    },
    "Makefile": {
        "size": 1930,
        "occurrences": 2,
        "color": "#427819",
        "prop": 0.011215206564928666
    },
    "Perl": {
        "size": 396,
        "occurrences": 1,
        "color": "#0298c3",
        "prop": 0.002301151191560493
    },
    "C": {
        "size": 396654,
        "occurrences": 10,
        "color": "#555555",
        "prop": 2.3049515776192826
    },
    "Roff": {
        "size": 188279,
        "occurrences": 1,
        "color": "#ecdebe",
        "prop": 1.0940869828177224
    },
    "C++": {
        "size": 104429,
        "occurrences": 1,
        "color": "#f34b7d",
        "prop": 0.6068356509683605
    },
    "Vim Script": {
        "size": 5161,
        "occurrences": 1,
        "color": "#199f4b",
        "prop": 0.029990508332433597
    },
    "Assembly": {
        "size": 4440,
        "occurrences": 1,
        "color": "#6E4C13",
        "prop": 0.025800786087193404
    },
    "Ruby": {
        "size": 1420,
        "occurrences": 1,
        "color": "#701516",
        "prop": 0.00825160275761591
    },
    "PowerShell": {
        "size": 844,
        "occurrences": 1,
        "color": "#012456",
        "prop": 0.004904473751709738
    },
    "Vue": {
        "size": 327760,
        "occurrences": 5,
        "color": "#41b883",
        "prop": 1.9046093801663315
    },
    "Astro": {
        "size": 33753,
        "occurrences": 1,
        "color": "#ff5a03",
        "prop": 0.1961382731533872
    },
    "MDX": {
        "size": 129374,
        "occurrences": 4,
        "color": "#fcb32c",
        "prop": 0.7517907430730991
    },
    "Kotlin": {
        "size": 534945,
        "occurrences": 6,
        "color": "#A97BFF",
        "prop": 3.1085588994174946
    },
    "Java": {
        "size": 2363613,
        "occurrences": 18,
        "color": "#b07219",
        "prop": 13.734926442772405
    },
    "Solidity": {
        "size": 1638,
        "occurrences": 1,
        "color": "#AA6746",
        "prop": 0.009518398110545676
    },
    "CMake": {
        "size": 132,
        "occurrences": 1,
        "color": "#DA3434",
        "prop": 0.0007670503971868311
    },
    "Go": {
        "size": 20622,
        "occurrences": 2,
        "color": "#00ADD8",
        "prop": 0.11983419159686992
    }
}