{
    "Python": {
        "size": 23057052,
        "occurrences": 16,
        "color": "#3572A5",
        "prop": 38.06819211844083
    },
    "Jupyter Notebook": {
        "size": 8878702,
        "occurrences": 1,
        "color": "#DA5B0B",
        "prop": 14.659121794858459
    },
    "TypeScript": {
        "size": 16930310,
        "occurrences": 53,
        "color": "#3178c6",
        "prop": 27.95267555040254
    },
    "PowerShell": {
        "size": 26541,
        "occurrences": 2,
        "color": "#012456",
        "prop": 0.04382034125678938
    },
    "JavaScript": {
        "size": 2026365,
        "occurrences": 75,
        "color": "#f1e05a",
        "prop": 3.345616435357146
    },
    "CSS": {
        "size": 2093201,
        "occurrences": 54,
        "color": "#663399",
        "prop": 3.45596556795346
    },
    "Roff": {
        "size": 196168,
        "occurrences": 2,
        "color": "#ecdebe",
        "prop": 0.3238818696982728
    },
    "C": {
        "size": 412726,
        "occurrences": 12,
        "color": "#555555",
        "prop": 0.6814285130759825
    },
    "PLpgSQL": {
        "size": 141570,
        "occurrences": 3,
        "color": "#336790",
        "prop": 0.23373820548297625
    },
    "Dockerfile": {
        "size": 22995,
        "occurrences": 14,
        "color": "#384d54",
        "prop": 0.03796574157717764
    },
    "HTML": {
        "size": 630876,
        "occurrences": 17,
        "color": "#e34c26",
        "prop": 1.0416036174491639
    },
    "Shell": {
        "size": 1131930,
        "occurrences": 17,
        "color": "#89e051",
        "prop": 1.8688654865603254
    },
    "Go": {
        "size": 343452,
        "occurrences": 5,
        "color": "#00ADD8",
        "prop": 0.567054136819518
    },
    "MDX": {
        "size": 129450,
        "occurrences": 5,
        "color": "#fcb32c",
        "prop": 0.21372756021594458
    },
    "Vue": {
        "size": 327760,
        "occurrences": 5,
        "color": "#41b883",
        "prop": 0.5411459647460641
    },
    "Astro": {
        "size": 37051,
        "occurrences": 1,
        "color": "#ff5a03",
        "prop": 0.06117280674825
    },
    "C++": {
        "size": 104429,
        "occurrences": 1,
        "color": "#f34b7d",
        "prop": 0.17241680483422847
    },
    "Vim Script": {
        "size": 5161,
        "occurrences": 1,
        "color": "#199f4b",
        "prop": 0.008521034671877096
    },
    "Assembly": {
        "size": 4440,
        "occurrences": 1,
        "color": "#6E4C13",
        "prop": 0.007330632424556153
    },
    "Ruby": {
        "size": 1420,
        "occurrences": 1,
        "color": "#701516",
        "prop": 0.0023444815411868777
    },
    "Kotlin": {
        "size": 534945,
        "occurrences": 6,
        "color": "#A97BFF",
        "prop": 0.8832173789086015
    },
    "Makefile": {
        "size": 3472,
        "occurrences": 3,
        "color": "#427819",
        "prop": 0.005732422472535802
    },
    "Perl": {
        "size": 396,
        "occurrences": 1,
        "color": "#0298c3",
        "prop": 0.0006538131621901433
    },
    "TeX": {
        "size": 591911,
        "occurrences": 1,
        "color": "#3D6117",
        "prop": 0.9772707137503281
    },
    "Rust": {
        "size": 541705,
        "occurrences": 2,
        "color": "#dea584",
        "prop": 0.8943784318793222
    },
    "BibTeX Style": {
        "size": 28285,
        "occurrences": 1,
        "color": null,
        "prop": 0.04669976083976819
    },
    "RenderScript": {
        "size": 2,
        "occurrences": 2,
        "color": null,
        "prop": 3.302086677727997e-06
    },
    "Procfile": {
        "size": 64,
        "occurrences": 3,
        "color": "#3B2F63",
        "prop": 0.0001056667736872959
    },
    "Java": {
        "size": 2363613,
        "occurrences": 18,
        "color": "#b07219",
        "prop": 3.9024274993023513
    },
    "Solidity": {
        "size": 1638,
        "occurrences": 1,
        "color": "#AA6746",
        "prop": 0.002704408989059229
    },
    "CMake": {
        "size": 132,
        "occurrences": 1,
        "color": "#DA3434",
        "prop": 0.00021793772073004777
    }
}