{
    "Python": {
        "size": 1033963,
        "occurrences": 16,
        "color": "#3572A5",
        "prop": 4.503310421812831
    },
    "TypeScript": {
        "size": 10853599,
        "occurrences": 50,
        "color": "#3178c6",
        "prop": 47.27163882157999
    },
    "CSS": {
        "size": 2064879,
        "occurrences": 51,
        "color": "#663399",
        "prop": 8.993349975272283
    },
    "JavaScript": {
        "size": 1977750,
        "occurrences": 72,
        "color": "#f1e05a",
        "prop": 8.613869342268849
    },
    "PLpgSQL": {
        "size": 3650,
        "occurrences": 2,
        "color": "#336790",
        "prop": 0.015897167538506535
    },
    "Dockerfile": {
        "size": 22713,
        "occurrences": 14,
        "color": "#384d54",
        "prop": 0.09892393597317778
    },
    "HTML": {
        "size": 631336,
        "occurrences": 18,
        "color": "#e34c26",
        "prop": 2.7497134698878245
    },
    "Procfile": {
        "size": 151,
        "occurrences": 4,
        "color": "#3B2F63",
        "prop": 0.0006576636433738319
    },
    "Shell": {
        "size": 1099487,
        "occurrences": 15,
        "color": "#89e051",
        "prop": 4.788692889153406
    },
    "Vue": {
        "size": 327760,
        "occurrences": 5,
        "color": "#41b883",
        "prop": 1.4275220910742195
    },
    "C": {
        "size": 405643,
        "occurrences": 11,
        "color": "#555555",
        "prop": 1.7667328032390153
    },
    "Roff": {
        "size": 188279,
        "occurrences": 1,
        "color": "#ecdebe",
        "prop": 0.8200281662965676
    },
    "C++": {
        "size": 104429,
        "occurrences": 1,
        "color": "#f34b7d",
        "prop": 0.4548288517475887
    },
    "Vim Script": {
        "size": 5161,
        "occurrences": 1,
        "color": "#199f4b",
        "prop": 0.022478159360611566
    },
    "Assembly": {
        "size": 4440,
        "occurrences": 1,
        "color": "#6E4C13",
        "prop": 0.01933792434821069
    },
    "Ruby": {
        "size": 1420,
        "occurrences": 1,
        "color": "#701516",
        "prop": 0.006184651480734047
    },
    "PowerShell": {
        "size": 844,
        "occurrences": 1,
        "color": "#012456",
        "prop": 0.003675947781506716
    },
    "MDX": {
        "size": 129450,
        "occurrences": 5,
        "color": "#fcb32c",
        "prop": 0.5638050240711426
    },
    "Makefile": {
        "size": 1930,
        "occurrences": 2,
        "color": "#427819",
        "prop": 0.008405899547758248
    },
    "Perl": {
        "size": 396,
        "occurrences": 1,
        "color": "#0298c3",
        "prop": 0.0017247337932187908
    },
    "TeX": {
        "size": 598948,
        "occurrences": 1,
        "color": "#3D6117",
        "prop": 2.6086511514666877
    },
    "Rust": {
        "size": 526590,
        "occurrences": 2,
        "color": "#dea584",
        "prop": 2.293503960027988
    },
    "Go": {
        "size": 39860,
        "occurrences": 3,
        "color": "#00ADD8",
        "prop": 0.1736057802972248
    },
    "RenderScript": {
        "size": 2,
        "occurrences": 2,
        "color": null,
        "prop": 8.710776733428237e-06
    },
    "Astro": {
        "size": 37057,
        "occurrences": 1,
        "color": "#ff5a03",
        "prop": 0.1613976267053251
    },
    "Kotlin": {
        "size": 534945,
        "occurrences": 6,
        "color": "#A97BFF",
        "prop": 2.3298932298318844
    },
    "Java": {
        "size": 2363613,
        "occurrences": 18,
        "color": "#b07219",
        "prop": 10.294452563614257
    },
    "Solidity": {
        "size": 1638,
        "occurrences": 1,
        "color": "#AA6746",
        "prop": 0.007134126144677727
    },
    "CMake": {
        "size": 132,
        "occurrences": 1,
        "color": "#DA3434",
        "prop": 0.0005749112644062637
    }
}