{
    "Python": {
        "size": 812764,
        "occurrences": 10,
        "color": "#3572A5",
        "prop": 4.850737427704965
    },
    "Java": {
        "size": 2363613,
        "occurrences": 18,
        "color": "#b07219",
        "prop": 14.106513137528257
    },
    "Shell": {
        "size": 1086762,
        "occurrences": 13,
        "color": "#89e051",
        "prop": 6.486012063043519
    },
    "C": {
        "size": 396654,
        "occurrences": 10,
        "color": "#555555",
        "prop": 2.3673100723566565
    },
    "Roff": {
        "size": 188279,
        "occurrences": 1,
        "color": "#ecdebe",
        "prop": 1.1236865709490862
    },
    "C++": {
        "size": 104429,
        "occurrences": 1,
        "color": "#f34b7d",
        "prop": 0.6232530708025968
    },
    "Vim Script": {
        "size": 5161,
        "occurrences": 1,
        "color": "#199f4b",
        "prop": 0.030801875900489353
    },
    "Assembly": {
        "size": 4440,
        "occurrences": 1,
        "color": "#6E4C13",
        "prop": 0.026498804301137904
    },
    "Ruby": {
        "size": 1420,
        "occurrences": 1,
        "color": "#701516",
        "prop": 0.00847484281703059
    },
    "Dockerfile": {
        "size": 15594,
        "occurrences": 12,
        "color": "#384d54",
        "prop": 0.0930680978089965
    },
    "PowerShell": {
        "size": 844,
        "occurrences": 1,
        "color": "#012456",
        "prop": 0.005037160096882971
    },
    "TypeScript": {
        "size": 6642168,
        "occurrences": 44,
        "color": "#3178c6",
        "prop": 39.64178152416228
    },
    "JavaScript": {
        "size": 1877931,
        "occurrences": 65,
        "color": "#f1e05a",
        "prop": 11.207866229738785
    },
    "PLpgSQL": {
        "size": 6645,
        "occurrences": 1,
        "color": "#336790",
        "prop": 0.03965868346420301
    },
    "CSS": {
        "size": 2032257,
        "occurrences": 43,
        "color": "#563d7c",
        "prop": 12.128914534373337
    },
    "HTML": {
        "size": 165680,
        "occurrences": 12,
        "color": "#e34c26",
        "prop": 0.9888112379757945
    },
    "Makefile": {
        "size": 1930,
        "occurrences": 2,
        "color": "#427819",
        "prop": 0.011518624392161296
    },
    "Perl": {
        "size": 396,
        "occurrences": 1,
        "color": "#0298c3",
        "prop": 0.0023634068701014884
    },
    "Astro": {
        "size": 33743,
        "occurrences": 1,
        "color": "#ff5a03",
        "prop": 0.20138494448948113
    },
    "MDX": {
        "size": 129650,
        "occurrences": 4,
        "color": "#fcb32c",
        "prop": 0.7737770219915606
    },
    "Vue": {
        "size": 327760,
        "occurrences": 5,
        "color": "#41b883",
        "prop": 1.9561369589506665
    },
    "Kotlin": {
        "size": 534945,
        "occurrences": 6,
        "color": "#A97BFF",
        "prop": 3.1926583033495977
    },
    "Solidity": {
        "size": 1638,
        "occurrences": 1,
        "color": "#AA6746",
        "prop": 0.009775910235419794
    },
    "Procfile": {
        "size": 16,
        "occurrences": 1,
        "color": "#3B2F63",
        "prop": 9.549118667076721e-05
    },
    "CMake": {
        "size": 132,
        "occurrences": 1,
        "color": "#DA3434",
        "prop": 0.0007878022900338296
    },
    "Go": {
        "size": 20622,
        "occurrences": 2,
        "color": "#00ADD8",
        "prop": 0.12307620322028509
    }
}