{
    "TypeScript": {
        "size": 8331422,
        "occurrences": 46,
        "color": "#3178c6",
        "prop": 42.39118975474497
    },
    "HTML": {
        "size": 1133479,
        "occurrences": 17,
        "color": "#e34c26",
        "prop": 5.76726558467673
    },
    "JavaScript": {
        "size": 1972993,
        "occurrences": 68,
        "color": "#f1e05a",
        "prop": 10.038804978043789
    },
    "PLpgSQL": {
        "size": 11359,
        "occurrences": 3,
        "color": "#336790",
        "prop": 0.05779583898452727
    },
    "Dockerfile": {
        "size": 21826,
        "occurrences": 14,
        "color": "#384d54",
        "prop": 0.11105308404580438
    },
    "CSS": {
        "size": 2055851,
        "occurrences": 47,
        "color": "#563d7c",
        "prop": 10.460395578147667
    },
    "Shell": {
        "size": 1088589,
        "occurrences": 14,
        "color": "#89e051",
        "prop": 5.538860336678189
    },
    "Python": {
        "size": 908026,
        "occurrences": 14,
        "color": "#3572A5",
        "prop": 4.620135970575258
    },
    "Vue": {
        "size": 327760,
        "occurrences": 5,
        "color": "#41b883",
        "prop": 1.6676788613054543
    },
    "C": {
        "size": 396654,
        "occurrences": 10,
        "color": "#555555",
        "prop": 2.018219096449395
    },
    "Roff": {
        "size": 188279,
        "occurrences": 1,
        "color": "#ecdebe",
        "prop": 0.9579842211610009
    },
    "C++": {
        "size": 104429,
        "occurrences": 1,
        "color": "#f34b7d",
        "prop": 0.531346216155929
    },
    "Vim Script": {
        "size": 5161,
        "occurrences": 1,
        "color": "#199f4b",
        "prop": 0.026259734571630004
    },
    "Assembly": {
        "size": 4440,
        "occurrences": 1,
        "color": "#6E4C13",
        "prop": 0.022591207420662122
    },
    "Ruby": {
        "size": 1420,
        "occurrences": 1,
        "color": "#701516",
        "prop": 0.007225115886788336
    },
    "PowerShell": {
        "size": 844,
        "occurrences": 1,
        "color": "#012456",
        "prop": 0.0042943646538375745
    },
    "Procfile": {
        "size": 88,
        "occurrences": 4,
        "color": "#3B2F63",
        "prop": 0.00044775366058969976
    },
    "MDX": {
        "size": 129374,
        "occurrences": 4,
        "color": "#fcb32c",
        "prop": 0.6582691146037706
    },
    "Makefile": {
        "size": 1930,
        "occurrences": 2,
        "color": "#427819",
        "prop": 0.009820051874296824
    },
    "Perl": {
        "size": 396,
        "occurrences": 1,
        "color": "#0298c3",
        "prop": 0.002014891472653649
    },
    "TeX": {
        "size": 14641,
        "occurrences": 1,
        "color": "#3D6117",
        "prop": 0.0744950152806113
    },
    "Astro": {
        "size": 33753,
        "occurrences": 1,
        "color": "#ff5a03",
        "prop": 0.17173896938504699
    },
    "Kotlin": {
        "size": 534945,
        "occurrences": 6,
        "color": "#A97BFF",
        "prop": 2.721858885956329
    },
    "Java": {
        "size": 2363613,
        "occurrences": 18,
        "color": "#b07219",
        "prop": 12.026322420084112
    },
    "Solidity": {
        "size": 1638,
        "occurrences": 1,
        "color": "#AA6746",
        "prop": 0.00833432381870373
    },
    "CMake": {
        "size": 132,
        "occurrences": 1,
        "color": "#DA3434",
        "prop": 0.0006716304908845496
    },
    "Go": {
        "size": 20622,
        "occurrences": 2,
        "color": "#00ADD8",
        "prop": 0.10492699987137259
    }
}