{
    "TypeScript": {
        "size": 7974877,
        "occurrences": 47,
        "color": "#3178c6",
        "prop": 43.68398686315981
    },
    "Python": {
        "size": 847396,
        "occurrences": 14,
        "color": "#3572A5",
        "prop": 4.641781400753161
    },
    "JavaScript": {
        "size": 1977121,
        "occurrences": 69,
        "color": "#f1e05a",
        "prop": 10.830076475270703
    },
    "CSS": {
        "size": 2054855,
        "occurrences": 47,
        "color": "#563d7c",
        "prop": 11.255880037485
    },
    "PLpgSQL": {
        "size": 10295,
        "occurrences": 3,
        "color": "#336790",
        "prop": 0.05639292552803389
    },
    "Dockerfile": {
        "size": 18538,
        "occurrences": 14,
        "color": "#384d54",
        "prop": 0.10154560985319983
    },
    "HTML": {
        "size": 168687,
        "occurrences": 16,
        "color": "#e34c26",
        "prop": 0.9240168459006752
    },
    "Procfile": {
        "size": 88,
        "occurrences": 4,
        "color": "#3B2F63",
        "prop": 0.00048203763443098414
    },
    "Shell": {
        "size": 1088589,
        "occurrences": 14,
        "color": "#89e051",
        "prop": 5.962964391222621
    },
    "C": {
        "size": 396654,
        "occurrences": 10,
        "color": "#555555",
        "prop": 2.1727517709953137
    },
    "Roff": {
        "size": 188279,
        "occurrences": 1,
        "color": "#ecdebe",
        "prop": 1.0313359519662644
    },
    "C++": {
        "size": 104429,
        "occurrences": 1,
        "color": "#f34b7d",
        "prop": 0.5720307741590142
    },
    "Vim Script": {
        "size": 5161,
        "occurrences": 1,
        "color": "#199f4b",
        "prop": 0.02827041171929897
    },
    "Assembly": {
        "size": 4440,
        "occurrences": 1,
        "color": "#6E4C13",
        "prop": 0.024320989737199653
    },
    "Ruby": {
        "size": 1420,
        "occurrences": 1,
        "color": "#701516",
        "prop": 0.007778334555590881
    },
    "PowerShell": {
        "size": 844,
        "occurrences": 1,
        "color": "#012456",
        "prop": 0.004623179130224439
    },
    "Vue": {
        "size": 327760,
        "occurrences": 5,
        "color": "#41b883",
        "prop": 1.7953710802397655
    },
    "MDX": {
        "size": 129374,
        "occurrences": 4,
        "color": "#fcb32c",
        "prop": 0.7086720104190244
    },
    "Makefile": {
        "size": 1930,
        "occurrences": 2,
        "color": "#427819",
        "prop": 0.010571961755134085
    },
    "Perl": {
        "size": 396,
        "occurrences": 1,
        "color": "#0298c3",
        "prop": 0.0021691693549394284
    },
    "Astro": {
        "size": 33753,
        "occurrences": 1,
        "color": "#ff5a03",
        "prop": 0.18488882130623874
    },
    "Kotlin": {
        "size": 534945,
        "occurrences": 6,
        "color": "#A97BFF",
        "prop": 2.930268435803214
    },
    "Java": {
        "size": 2363613,
        "occurrences": 18,
        "color": "#b07219",
        "prop": 12.94716385489002
    },
    "Solidity": {
        "size": 1638,
        "occurrences": 1,
        "color": "#AA6746",
        "prop": 0.008972473240885818
    },
    "CMake": {
        "size": 132,
        "occurrences": 1,
        "color": "#DA3434",
        "prop": 0.0007230564516464762
    },
    "Go": {
        "size": 20622,
        "occurrences": 2,
        "color": "#00ADD8",
        "prop": 0.11296113746858813
    }
}