{
    "TypeScript": {
        "size": 6879814,
        "occurrences": 44,
        "color": "#3178c6",
        "prop": 40.47924485339263
    },
    "JavaScript": {
        "size": 1877908,
        "occurrences": 65,
        "color": "#f1e05a",
        "prop": 11.04917919934243
    },
    "PLpgSQL": {
        "size": 6645,
        "occurrences": 1,
        "color": "#336790",
        "prop": 0.03909765322882188
    },
    "CSS": {
        "size": 2032929,
        "occurrences": 43,
        "color": "#563d7c",
        "prop": 11.961287145344716
    },
    "Dockerfile": {
        "size": 15594,
        "occurrences": 12,
        "color": "#384d54",
        "prop": 0.09175151308506373
    },
    "Shell": {
        "size": 1087794,
        "occurrences": 14,
        "color": "#89e051",
        "prop": 6.400329961834925
    },
    "Python": {
        "size": 814135,
        "occurrences": 11,
        "color": "#3572A5",
        "prop": 4.7901832823847865
    },
    "Astro": {
        "size": 33753,
        "occurrences": 1,
        "color": "#ff5a03",
        "prop": 0.19859489682955983
    },
    "MDX": {
        "size": 129374,
        "occurrences": 4,
        "color": "#fcb32c",
        "prop": 0.761206890718676
    },
    "Kotlin": {
        "size": 534945,
        "occurrences": 6,
        "color": "#A97BFF",
        "prop": 3.1474934697505077
    },
    "Vue": {
        "size": 327760,
        "occurrences": 5,
        "color": "#41b883",
        "prop": 1.9284645330742904
    },
    "C": {
        "size": 396654,
        "occurrences": 10,
        "color": "#555555",
        "prop": 2.3338209998231925
    },
    "Roff": {
        "size": 188279,
        "occurrences": 1,
        "color": "#ecdebe",
        "prop": 1.1077903765642372
    },
    "C++": {
        "size": 104429,
        "occurrences": 1,
        "color": "#f34b7d",
        "prop": 0.6144362421418571
    },
    "Vim Script": {
        "size": 5161,
        "occurrences": 1,
        "color": "#199f4b",
        "prop": 0.03036613819623021
    },
    "Assembly": {
        "size": 4440,
        "occurrences": 1,
        "color": "#6E4C13",
        "prop": 0.026123939854923877
    },
    "Ruby": {
        "size": 1420,
        "occurrences": 1,
        "color": "#701516",
        "prop": 0.008354953737385564
    },
    "PowerShell": {
        "size": 844,
        "occurrences": 1,
        "color": "#012456",
        "prop": 0.004965902080530575
    },
    "Java": {
        "size": 2363613,
        "occurrences": 18,
        "color": "#b07219",
        "prop": 13.906955822593737
    },
    "HTML": {
        "size": 165680,
        "occurrences": 12,
        "color": "#e34c26",
        "prop": 0.9748230529648171
    },
    "Makefile": {
        "size": 1930,
        "occurrences": 2,
        "color": "#427819",
        "prop": 0.011355676558559253
    },
    "Perl": {
        "size": 396,
        "occurrences": 1,
        "color": "#0298c3",
        "prop": 0.0023299730140878055
    },
    "Solidity": {
        "size": 1638,
        "occurrences": 1,
        "color": "#AA6746",
        "prop": 0.009637615649181376
    },
    "Procfile": {
        "size": 16,
        "occurrences": 1,
        "color": "#3B2F63",
        "prop": 9.414032380152749e-05
    },
    "CMake": {
        "size": 132,
        "occurrences": 1,
        "color": "#DA3434",
        "prop": 0.0007766576713626017
    },
    "Go": {
        "size": 20622,
        "occurrences": 2,
        "color": "#00ADD8",
        "prop": 0.12133510983969374
    }
}