{
    "Shell": {
        "size": 1150288,
        "occurrences": 19,
        "color": "#89e051",
        "prop": 1.7867800384188899
    },
    "C": {
        "size": 412726,
        "occurrences": 12,
        "color": "#555555",
        "prop": 0.6411008183485134
    },
    "Roff": {
        "size": 196168,
        "occurrences": 2,
        "color": "#ecdebe",
        "prop": 0.30471418164542863
    },
    "C++": {
        "size": 104429,
        "occurrences": 1,
        "color": "#f34b7d",
        "prop": 0.16221298721019975
    },
    "Python": {
        "size": 23130540,
        "occurrences": 17,
        "color": "#3572A5",
        "prop": 35.92942563066786
    },
    "Vim Script": {
        "size": 5161,
        "occurrences": 1,
        "color": "#199f4b",
        "prop": 0.008016750394927089
    },
    "Assembly": {
        "size": 4440,
        "occurrences": 1,
        "color": "#6E4C13",
        "prop": 0.006896797472093832
    },
    "Ruby": {
        "size": 1420,
        "occurrences": 1,
        "color": "#701516",
        "prop": 0.0022057325248588384
    },
    "Dockerfile": {
        "size": 23435,
        "occurrences": 14,
        "color": "#384d54",
        "prop": 0.03640235332399076
    },
    "PowerShell": {
        "size": 26541,
        "occurrences": 2,
        "color": "#012456",
        "prop": 0.04122700488892848
    },
    "TypeScript": {
        "size": 20641254,
        "occurrences": 58,
        "color": "#3178c6",
        "prop": 32.06273612793845
    },
    "Astro": {
        "size": 68130,
        "occurrences": 1,
        "color": "#ff5a03",
        "prop": 0.1058285612103047
    },
    "MDX": {
        "size": 194333,
        "occurrences": 6,
        "color": "#fcb32c",
        "prop": 0.301863816023516
    },
    "CSS": {
        "size": 2126837,
        "occurrences": 56,
        "color": "#663399",
        "prop": 3.3036855957557734
    },
    "TeX": {
        "size": 600512,
        "occurrences": 2,
        "color": "#3D6117",
        "prop": 0.932794964766219
    },
    "JavaScript": {
        "size": 2033821,
        "occurrences": 78,
        "color": "#f1e05a",
        "prop": 3.159200795380935
    },
    "Jupyter Notebook": {
        "size": 8878702,
        "occurrences": 1,
        "color": "#DA5B0B",
        "prop": 13.791578718260014
    },
    "PLpgSQL": {
        "size": 3650,
        "occurrences": 2,
        "color": "#336790",
        "prop": 0.005669664588545606
    },
    "Vue": {
        "size": 326739,
        "occurrences": 5,
        "color": "#41b883",
        "prop": 0.5075343939717268
    },
    "HTML": {
        "size": 630876,
        "occurrences": 17,
        "color": "#e34c26",
        "prop": 0.9799603608118623
    },
    "Makefile": {
        "size": 3472,
        "occurrences": 3,
        "color": "#427819",
        "prop": 0.005393171356556259
    },
    "Perl": {
        "size": 396,
        "occurrences": 1,
        "color": "#0298c3",
        "prop": 0.0006151197745380986
    },
    "Go": {
        "size": 343452,
        "occurrences": 5,
        "color": "#00ADD8",
        "prop": 0.5334952444562098
    },
    "Kotlin": {
        "size": 534945,
        "occurrences": 6,
        "color": "#A97BFF",
        "prop": 0.8309475954300081
    },
    "Rust": {
        "size": 541705,
        "occurrences": 2,
        "color": "#dea584",
        "prop": 0.8414481249145473
    },
    "BibTeX Style": {
        "size": 28285,
        "occurrences": 1,
        "color": null,
        "prop": 0.04393601722931848
    },
    "RenderScript": {
        "size": 2,
        "occurrences": 2,
        "color": null,
        "prop": 3.1066655279701956e-06
    },
    "Procfile": {
        "size": 64,
        "occurrences": 3,
        "color": "#3B2F63",
        "prop": 9.941329689504626e-05
    },
    "Java": {
        "size": 2363613,
        "occurrences": 18,
        "color": "#b07219",
        "prop": 3.6714775142811087
    },
    "Solidity": {
        "size": 1638,
        "occurrences": 1,
        "color": "#AA6746",
        "prop": 0.00254435906740759
    },
    "CMake": {
        "size": 132,
        "occurrences": 1,
        "color": "#DA3434",
        "prop": 0.00020503992484603286
    }
}