{
    "TypeScript": {
        "size": 22927070,
        "occurrences": 60,
        "color": "#3178c6",
        "prop": 31.97165841828195
    },
    "HTML": {
        "size": 632148,
        "occurrences": 18,
        "color": "#e34c26",
        "prop": 0.8815265066927478
    },
    "JavaScript": {
        "size": 6887820,
        "occurrences": 80,
        "color": "#f1e05a",
        "prop": 9.60502272146466
    },
    "Shell": {
        "size": 1151093,
        "occurrences": 20,
        "color": "#89e051",
        "prop": 1.6051921245791732
    },
    "Go": {
        "size": 343452,
        "occurrences": 5,
        "color": "#00ADD8",
        "prop": 0.4789417063356012
    },
    "Dockerfile": {
        "size": 23548,
        "occurrences": 14,
        "color": "#384d54",
        "prop": 0.03283754149281628
    },
    "CSS": {
        "size": 2311077,
        "occurrences": 58,
        "color": "#663399",
        "prop": 3.222782694096882
    },
    "MDX": {
        "size": 199063,
        "occurrences": 6,
        "color": "#fcb32c",
        "prop": 0.27759213190863286
    },
    "Vue": {
        "size": 326739,
        "occurrences": 5,
        "color": "#41b883",
        "prop": 0.45563553039839044
    },
    "Python": {
        "size": 23131508,
        "occurrences": 17,
        "color": "#3572A5",
        "prop": 32.25674595470578
    },
    "Astro": {
        "size": 69087,
        "occurrences": 1,
        "color": "#ff5a03",
        "prop": 0.09634139753330212
    },
    "TeX": {
        "size": 600512,
        "occurrences": 2,
        "color": "#3D6117",
        "prop": 0.8374102988336203
    },
    "Jupyter Notebook": {
        "size": 8878702,
        "occurrences": 1,
        "color": "#DA5B0B",
        "prop": 12.381295453004538
    },
    "PowerShell": {
        "size": 26541,
        "occurrences": 2,
        "color": "#012456",
        "prop": 0.037011261625651305
    },
    "Roff": {
        "size": 196168,
        "occurrences": 2,
        "color": "#ecdebe",
        "prop": 0.27355507217440056
    },
    "C": {
        "size": 412726,
        "occurrences": 12,
        "color": "#555555",
        "prop": 0.575543874221339
    },
    "PLpgSQL": {
        "size": 3650,
        "occurrences": 2,
        "color": "#336790",
        "prop": 0.0050899026010183205
    },
    "C++": {
        "size": 104429,
        "occurrences": 1,
        "color": "#f34b7d",
        "prop": 0.14562559964979238
    },
    "Vim Script": {
        "size": 5161,
        "occurrences": 1,
        "color": "#199f4b",
        "prop": 0.007196982828453577
    },
    "Assembly": {
        "size": 4440,
        "occurrences": 1,
        "color": "#6E4C13",
        "prop": 0.006191552753019546
    },
    "Ruby": {
        "size": 1420,
        "occurrences": 1,
        "color": "#701516",
        "prop": 0.0019801812858756206
    },
    "Makefile": {
        "size": 3472,
        "occurrences": 3,
        "color": "#427819",
        "prop": 0.004841682693352222
    },
    "Perl": {
        "size": 396,
        "occurrences": 1,
        "color": "#0298c3",
        "prop": 0.0005522195698639055
    },
    "Kotlin": {
        "size": 534945,
        "occurrences": 6,
        "color": "#A97BFF",
        "prop": 0.7459775196991084
    },
    "Rust": {
        "size": 541705,
        "occurrences": 2,
        "color": "#dea584",
        "prop": 0.755404298214967
    },
    "BibTeX Style": {
        "size": 28285,
        "occurrences": 1,
        "color": null,
        "prop": 0.03944325892323375
    },
    "RenderScript": {
        "size": 2,
        "occurrences": 2,
        "color": null,
        "prop": 2.788987726585381e-06
    },
    "Procfile": {
        "size": 64,
        "occurrences": 3,
        "color": "#3B2F63",
        "prop": 8.92476072507322e-05
    },
    "Java": {
        "size": 2363613,
        "occurrences": 18,
        "color": "#b07219",
        "prop": 3.2960438236988265
    },
    "Solidity": {
        "size": 1638,
        "occurrences": 1,
        "color": "#AA6746",
        "prop": 0.0022841809480734273
    },
    "CMake": {
        "size": 132,
        "occurrences": 1,
        "color": "#DA3434",
        "prop": 0.00018407318995463518
    }
}