{
    "JavaScript": {
        "size": 2004349,
        "occurrences": 74,
        "color": "#f1e05a",
        "prop": 3.4611157733831526
    },
    "Shell": {
        "size": 1130796,
        "occurrences": 17,
        "color": "#89e051",
        "prop": 1.952661872796891
    },
    "TypeScript": {
        "size": 14399353,
        "occurrences": 52,
        "color": "#3178c6",
        "prop": 24.864845291320034
    },
    "PLpgSQL": {
        "size": 116086,
        "occurrences": 3,
        "color": "#336790",
        "prop": 0.20045764767959903
    },
    "CSS": {
        "size": 2085321,
        "occurrences": 53,
        "color": "#663399",
        "prop": 3.6009384621476244
    },
    "Python": {
        "size": 22993167,
        "occurrences": 16,
        "color": "#3572A5",
        "prop": 39.70466868980052
    },
    "C": {
        "size": 412726,
        "occurrences": 12,
        "color": "#555555",
        "prop": 0.7126964758559188
    },
    "Roff": {
        "size": 196168,
        "occurrences": 2,
        "color": "#ecdebe",
        "prop": 0.3387434818153057
    },
    "C++": {
        "size": 104429,
        "occurrences": 1,
        "color": "#f34b7d",
        "prop": 0.18032830564868155
    },
    "Vim Script": {
        "size": 5161,
        "occurrences": 1,
        "color": "#199f4b",
        "prop": 0.008912030043884798
    },
    "Assembly": {
        "size": 4440,
        "occurrences": 1,
        "color": "#6E4C13",
        "prop": 0.007667005114289575
    },
    "Ruby": {
        "size": 1420,
        "occurrences": 1,
        "color": "#701516",
        "prop": 0.0024520601942097293
    },
    "Dockerfile": {
        "size": 22995,
        "occurrences": 14,
        "color": "#384d54",
        "prop": 0.03970783391961459
    },
    "PowerShell": {
        "size": 26541,
        "occurrences": 2,
        "color": "#012456",
        "prop": 0.04583107719332424
    },
    "HTML": {
        "size": 630876,
        "occurrences": 17,
        "color": "#e34c26",
        "prop": 1.0893985401987727
    },
    "Vue": {
        "size": 327760,
        "occurrences": 5,
        "color": "#41b883",
        "prop": 0.5659769360944935
    },
    "MDX": {
        "size": 129450,
        "occurrences": 5,
        "color": "#fcb32c",
        "prop": 0.2235346423524292
    },
    "Jupyter Notebook": {
        "size": 8878702,
        "occurrences": 1,
        "color": "#DA5B0B",
        "prop": 15.331768838345289
    },
    "TeX": {
        "size": 591911,
        "occurrences": 1,
        "color": "#3D6117",
        "prop": 1.022113663109067
    },
    "Rust": {
        "size": 541705,
        "occurrences": 2,
        "color": "#dea584",
        "prop": 0.93541779401717
    },
    "Go": {
        "size": 337527,
        "occurrences": 4,
        "color": "#00ADD8",
        "prop": 0.582842620542977
    },
    "BibTeX Style": {
        "size": 28285,
        "occurrences": 1,
        "color": null,
        "prop": 0.048842621544522666
    },
    "RenderScript": {
        "size": 2,
        "occurrences": 2,
        "color": null,
        "prop": 3.4536059073376466e-06
    },
    "Makefile": {
        "size": 3472,
        "occurrences": 3,
        "color": "#427819",
        "prop": 0.005995459855138155
    },
    "Perl": {
        "size": 396,
        "occurrences": 1,
        "color": "#0298c3",
        "prop": 0.0006838139696528541
    },
    "Astro": {
        "size": 37057,
        "occurrences": 1,
        "color": "#ff5a03",
        "prop": 0.06399013705410558
    },
    "Procfile": {
        "size": 64,
        "occurrences": 3,
        "color": "#3B2F63",
        "prop": 0.00011051538903480469
    },
    "Kotlin": {
        "size": 534945,
        "occurrences": 6,
        "color": "#A97BFF",
        "prop": 0.9237446060503687
    },
    "Java": {
        "size": 2363613,
        "occurrences": 18,
        "color": "#b07219",
        "prop": 4.081493909730029
    },
    "Solidity": {
        "size": 1638,
        "occurrences": 1,
        "color": "#AA6746",
        "prop": 0.0028285032381095325
    },
    "CMake": {
        "size": 132,
        "occurrences": 1,
        "color": "#DA3434",
        "prop": 0.00022793798988428467
    }
}