{
    "TypeScript": {
        "size": 6618442,
        "occurrences": 44,
        "color": "#3178c6",
        "prop": 39.55601960814783
    },
    "JavaScript": {
        "size": 1878014,
        "occurrences": 65,
        "color": "#f1e05a",
        "prop": 11.224206332604583
    },
    "CSS": {
        "size": 2032257,
        "occurrences": 43,
        "color": "#563d7c",
        "prop": 12.146060619824981
    },
    "PLpgSQL": {
        "size": 6645,
        "occurrences": 1,
        "color": "#336790",
        "prop": 0.039714747110595264
    },
    "Dockerfile": {
        "size": 15584,
        "occurrences": 12,
        "color": "#384d54",
        "prop": 0.09313989751264357
    },
    "Shell": {
        "size": 1086762,
        "occurrences": 13,
        "color": "#89e051",
        "prop": 6.495181038285136
    },
    "Python": {
        "size": 812764,
        "occurrences": 10,
        "color": "#3572A5",
        "prop": 4.857594690834589
    },
    "HTML": {
        "size": 165680,
        "occurrences": 12,
        "color": "#e34c26",
        "prop": 0.9902090746852406
    },
    "Makefile": {
        "size": 1930,
        "occurrences": 2,
        "color": "#427819",
        "prop": 0.011534907738667999
    },
    "Perl": {
        "size": 396,
        "occurrences": 1,
        "color": "#0298c3",
        "prop": 0.0023667479090738485
    },
    "C": {
        "size": 396654,
        "occurrences": 10,
        "color": "#555555",
        "prop": 2.370656629105501
    },
    "Roff": {
        "size": 188279,
        "occurrences": 1,
        "color": "#ecdebe",
        "prop": 1.1252750746780684
    },
    "C++": {
        "size": 104429,
        "occurrences": 1,
        "color": "#f34b7d",
        "prop": 0.6241341348400832
    },
    "Vim Script": {
        "size": 5161,
        "occurrences": 1,
        "color": "#199f4b",
        "prop": 0.030845419087702355
    },
    "Assembly": {
        "size": 4440,
        "occurrences": 1,
        "color": "#6E4C13",
        "prop": 0.026536264435070425
    },
    "Ruby": {
        "size": 1420,
        "occurrences": 1,
        "color": "#701516",
        "prop": 0.008486823310315316
    },
    "PowerShell": {
        "size": 844,
        "occurrences": 1,
        "color": "#012456",
        "prop": 0.00504428089711699
    },
    "Astro": {
        "size": 33743,
        "occurrences": 1,
        "color": "#ff5a03",
        "prop": 0.2016696330704012
    },
    "MDX": {
        "size": 129650,
        "occurrences": 4,
        "color": "#fcb32c",
        "prop": 0.7748708747763243
    },
    "Vue": {
        "size": 327760,
        "occurrences": 5,
        "color": "#41b883",
        "prop": 1.9589022592879912
    },
    "Kotlin": {
        "size": 534945,
        "occurrences": 6,
        "color": "#A97BFF",
        "prop": 3.197171616715934
    },
    "Java": {
        "size": 2363613,
        "occurrences": 18,
        "color": "#b07219",
        "prop": 14.126454862650926
    },
    "Solidity": {
        "size": 1638,
        "occurrences": 1,
        "color": "#AA6746",
        "prop": 0.009789729987532737
    },
    "Procfile": {
        "size": 16,
        "occurrences": 1,
        "color": "#3B2F63",
        "prop": 9.562617814439791e-05
    },
    "CMake": {
        "size": 132,
        "occurrences": 1,
        "color": "#DA3434",
        "prop": 0.0007889159696912828
    },
    "Go": {
        "size": 20622,
        "occurrences": 2,
        "color": "#00ADD8",
        "prop": 0.12325019035586088
    }
}