{
    "Vue": {
        "size": 327760,
        "occurrences": 5,
        "color": "#41b883",
        "prop": 2.0936943555019685
    },
    "JavaScript": {
        "size": 1873572,
        "occurrences": 63,
        "color": "#f1e05a",
        "prop": 11.968169151289155
    },
    "CSS": {
        "size": 2017387,
        "occurrences": 41,
        "color": "#563d7c",
        "prop": 12.886843345017846
    },
    "Shell": {
        "size": 1085427,
        "occurrences": 12,
        "color": "#89e051",
        "prop": 6.933586719579676
    },
    "C": {
        "size": 396654,
        "occurrences": 10,
        "color": "#555555",
        "prop": 2.533781550180857
    },
    "Roff": {
        "size": 188279,
        "occurrences": 1,
        "color": "#ecdebe",
        "prop": 1.2027052708065507
    },
    "C++": {
        "size": 104429,
        "occurrences": 1,
        "color": "#f34b7d",
        "prop": 0.6670808147751862
    },
    "Python": {
        "size": 812764,
        "occurrences": 10,
        "color": "#3572A5",
        "prop": 5.191845860248968
    },
    "Vim Script": {
        "size": 5161,
        "occurrences": 1,
        "color": "#199f4b",
        "prop": 0.0329678928751088
    },
    "Assembly": {
        "size": 4440,
        "occurrences": 1,
        "color": "#6E4C13",
        "prop": 0.02836222522098102
    },
    "Ruby": {
        "size": 1420,
        "occurrences": 1,
        "color": "#701516",
        "prop": 0.009070801759863299
    },
    "Dockerfile": {
        "size": 11498,
        "occurrences": 8,
        "color": "#384d54",
        "prop": 0.07344794270063959
    },
    "PowerShell": {
        "size": 844,
        "occurrences": 1,
        "color": "#012456",
        "prop": 0.005391377947411707
    },
    "TypeScript": {
        "size": 5610670,
        "occurrences": 41,
        "color": "#3178c6",
        "prop": 35.84033472536072
    },
    "Astro": {
        "size": 30125,
        "occurrences": 1,
        "color": "#ff5a03",
        "prop": 0.1924351429689309
    },
    "Kotlin": {
        "size": 534945,
        "occurrences": 6,
        "color": "#A97BFF",
        "prop": 3.417169047485966
    },
    "MDX": {
        "size": 95589,
        "occurrences": 2,
        "color": "#fcb32c",
        "prop": 0.6106118798757556
    },
    "Java": {
        "size": 2363613,
        "occurrences": 18,
        "color": "#b07219",
        "prop": 15.098496450729417
    },
    "HTML": {
        "size": 165314,
        "occurrences": 11,
        "color": "#e34c26",
        "prop": 1.0560074099507333
    },
    "Makefile": {
        "size": 1930,
        "occurrences": 2,
        "color": "#427819",
        "prop": 0.012328624927138146
    },
    "Perl": {
        "size": 396,
        "occurrences": 1,
        "color": "#0298c3",
        "prop": 0.0025296038710604695
    },
    "Solidity": {
        "size": 1638,
        "occurrences": 1,
        "color": "#AA6746",
        "prop": 0.010463361466659214
    },
    "Procfile": {
        "size": 16,
        "occurrences": 1,
        "color": "#3B2F63",
        "prop": 0.00010220621701254421
    },
    "CMake": {
        "size": 132,
        "occurrences": 1,
        "color": "#DA3434",
        "prop": 0.0008432012903534898
    },
    "Go": {
        "size": 20622,
        "occurrences": 2,
        "color": "#00ADD8",
        "prop": 0.13173103795204294
    }
}