{
    "Python": {
        "size": 814135,
        "occurrences": 11,
        "color": "#3572A5",
        "prop": 4.79753091876045
    },
    "TypeScript": {
        "size": 6853794,
        "occurrences": 44,
        "color": "#3178c6",
        "prop": 40.388005215123854
    },
    "JavaScript": {
        "size": 1877908,
        "occurrences": 65,
        "color": "#f1e05a",
        "prop": 11.066127475894785
    },
    "PLpgSQL": {
        "size": 6645,
        "occurrences": 1,
        "color": "#336790",
        "prop": 0.03915762490884582
    },
    "CSS": {
        "size": 2032929,
        "occurrences": 43,
        "color": "#563d7c",
        "prop": 11.979634499370208
    },
    "Dockerfile": {
        "size": 15594,
        "occurrences": 12,
        "color": "#384d54",
        "prop": 0.0918922502375533
    },
    "Shell": {
        "size": 1087794,
        "occurrences": 14,
        "color": "#89e051",
        "prop": 6.41014739354297
    },
    "Kotlin": {
        "size": 534945,
        "occurrences": 6,
        "color": "#A97BFF",
        "prop": 3.152321393056814
    },
    "Vue": {
        "size": 327760,
        "occurrences": 5,
        "color": "#41b883",
        "prop": 1.93142259445046
    },
    "MDX": {
        "size": 129374,
        "occurrences": 4,
        "color": "#fcb32c",
        "prop": 0.7623745018746455
    },
    "C": {
        "size": 396654,
        "occurrences": 10,
        "color": "#555555",
        "prop": 2.337400835303737
    },
    "Roff": {
        "size": 188279,
        "occurrences": 1,
        "color": "#ecdebe",
        "prop": 1.1094896102652494
    },
    "C++": {
        "size": 104429,
        "occurrences": 1,
        "color": "#f34b7d",
        "prop": 0.6153787225892943
    },
    "Vim Script": {
        "size": 5161,
        "occurrences": 1,
        "color": "#199f4b",
        "prop": 0.030412716652302982
    },
    "Assembly": {
        "size": 4440,
        "occurrences": 1,
        "color": "#6E4C13",
        "prop": 0.026164011225775087
    },
    "Ruby": {
        "size": 1420,
        "occurrences": 1,
        "color": "#701516",
        "prop": 0.008367769355991131
    },
    "PowerShell": {
        "size": 844,
        "occurrences": 1,
        "color": "#012456",
        "prop": 0.004973519251025715
    },
    "Java": {
        "size": 2363613,
        "occurrences": 18,
        "color": "#b07219",
        "prop": 13.928287627339625
    },
    "HTML": {
        "size": 165680,
        "occurrences": 12,
        "color": "#e34c26",
        "prop": 0.976318328803247
    },
    "Makefile": {
        "size": 1930,
        "occurrences": 2,
        "color": "#427819",
        "prop": 0.011373094969762595
    },
    "Perl": {
        "size": 396,
        "occurrences": 1,
        "color": "#0298c3",
        "prop": 0.002333546947163724
    },
    "Astro": {
        "size": 33743,
        "occurrences": 1,
        "color": "#ff5a03",
        "prop": 0.19884059252056954
    },
    "Solidity": {
        "size": 1638,
        "occurrences": 1,
        "color": "#AA6746",
        "prop": 0.009652398735995403
    },
    "Procfile": {
        "size": 16,
        "occurrences": 1,
        "color": "#3B2F63",
        "prop": 9.428472513792824e-05
    },
    "CMake": {
        "size": 132,
        "occurrences": 1,
        "color": "#DA3434",
        "prop": 0.0007778489823879079
    },
    "Go": {
        "size": 20622,
        "occurrences": 2,
        "color": "#00ADD8",
        "prop": 0.12152122511214726
    }
}