{
    "TypeScript": {
        "size": 22908900,
        "occurrences": 60,
        "color": "#3178c6",
        "prop": 31.95471034349295
    },
    "CSS": {
        "size": 2311077,
        "occurrences": 58,
        "color": "#663399",
        "prop": 3.2236290750105265
    },
    "JavaScript": {
        "size": 6887820,
        "occurrences": 80,
        "color": "#f1e05a",
        "prop": 9.607545233429697
    },
    "Astro": {
        "size": 68542,
        "occurrences": 1,
        "color": "#ff5a03",
        "prop": 0.09560650037163257
    },
    "MDX": {
        "size": 199063,
        "occurrences": 6,
        "color": "#fcb32c",
        "prop": 0.27766503433629447
    },
    "TeX": {
        "size": 600512,
        "occurrences": 2,
        "color": "#3D6117",
        "prop": 0.8376302230919702
    },
    "Python": {
        "size": 23131508,
        "occurrences": 17,
        "color": "#3572A5",
        "prop": 32.26521735867675
    },
    "Vue": {
        "size": 326739,
        "occurrences": 5,
        "color": "#41b883",
        "prop": 0.45575519134146736
    },
    "Jupyter Notebook": {
        "size": 8878702,
        "occurrences": 1,
        "color": "#DA5B0B",
        "prop": 12.384547081535626
    },
    "PowerShell": {
        "size": 26541,
        "occurrences": 2,
        "color": "#012456",
        "prop": 0.03702098168077238
    },
    "Roff": {
        "size": 196168,
        "occurrences": 2,
        "color": "#ecdebe",
        "prop": 0.273626914372245
    },
    "C": {
        "size": 412726,
        "occurrences": 12,
        "color": "#555555",
        "prop": 0.5756950260042372
    },
    "Dockerfile": {
        "size": 23435,
        "occurrences": 14,
        "color": "#384d54",
        "prop": 0.03268854623747789
    },
    "PLpgSQL": {
        "size": 3650,
        "occurrences": 2,
        "color": "#336790",
        "prop": 0.005091239332912067
    },
    "HTML": {
        "size": 632148,
        "occurrences": 18,
        "color": "#e34c26",
        "prop": 0.8817580169374513
    },
    "Shell": {
        "size": 1151093,
        "occurrences": 20,
        "color": "#89e051",
        "prop": 1.6056136869697943
    },
    "C++": {
        "size": 104429,
        "occurrences": 1,
        "color": "#f34b7d",
        "prop": 0.14566384446484226
    },
    "Vim Script": {
        "size": 5161,
        "occurrences": 1,
        "color": "#199f4b",
        "prop": 0.007198872930728542
    },
    "Assembly": {
        "size": 4440,
        "occurrences": 1,
        "color": "#6E4C13",
        "prop": 0.006193178804967008
    },
    "Ruby": {
        "size": 1420,
        "occurrences": 1,
        "color": "#701516",
        "prop": 0.0019807013295164754
    },
    "Makefile": {
        "size": 3472,
        "occurrences": 3,
        "color": "#427819",
        "prop": 0.004842954236676903
    },
    "Perl": {
        "size": 396,
        "occurrences": 1,
        "color": "#0298c3",
        "prop": 0.000552364596118679
    },
    "Go": {
        "size": 343452,
        "occurrences": 5,
        "color": "#00ADD8",
        "prop": 0.4790674880458398
    },
    "Kotlin": {
        "size": 534945,
        "occurrences": 6,
        "color": "#A97BFF",
        "prop": 0.7461734314916838
    },
    "Rust": {
        "size": 541705,
        "occurrences": 2,
        "color": "#dea584",
        "prop": 0.7556026857082552
    },
    "BibTeX Style": {
        "size": 28285,
        "occurrences": 1,
        "color": null,
        "prop": 0.0394536176798405
    },
    "RenderScript": {
        "size": 2,
        "occurrences": 2,
        "color": null,
        "prop": 2.789720182417571e-06
    },
    "Procfile": {
        "size": 64,
        "occurrences": 3,
        "color": "#3B2F63",
        "prop": 8.927104583736227e-05
    },
    "Java": {
        "size": 2363613,
        "occurrences": 18,
        "color": "#b07219",
        "prop": 3.2969094447622713
    },
    "Solidity": {
        "size": 1638,
        "occurrences": 1,
        "color": "#AA6746",
        "prop": 0.0022847808293999907
    },
    "CMake": {
        "size": 132,
        "occurrences": 1,
        "color": "#DA3434",
        "prop": 0.0001841215320395597
    }
}