{
    "Shell": {
        "size": 1150288,
        "occurrences": 19,
        "color": "#89e051",
        "prop": 1.7983798621879148
    },
    "C": {
        "size": 412726,
        "occurrences": 12,
        "color": "#555555",
        "prop": 0.6452628619974904
    },
    "Roff": {
        "size": 196168,
        "occurrences": 2,
        "color": "#ecdebe",
        "prop": 0.30669239425750666
    },
    "C++": {
        "size": 104429,
        "occurrences": 1,
        "color": "#f34b7d",
        "prop": 0.1632660782590288
    },
    "Python": {
        "size": 23127778,
        "occurrences": 17,
        "color": "#3572A5",
        "prop": 36.15836226436569
    },
    "Vim Script": {
        "size": 5161,
        "occurrences": 1,
        "color": "#199f4b",
        "prop": 0.008068795352774112
    },
    "Assembly": {
        "size": 4440,
        "occurrences": 1,
        "color": "#6E4C13",
        "prop": 0.006941571665630121
    },
    "Ruby": {
        "size": 1420,
        "occurrences": 1,
        "color": "#701516",
        "prop": 0.002220052199368192
    },
    "Dockerfile": {
        "size": 23435,
        "occurrences": 14,
        "color": "#384d54",
        "prop": 0.03663867837478421
    },
    "PowerShell": {
        "size": 26541,
        "occurrences": 2,
        "color": "#012456",
        "prop": 0.041494651706641676
    },
    "Jupyter Notebook": {
        "size": 8878702,
        "occurrences": 1,
        "color": "#DA5B0B",
        "prop": 13.881114015939975
    },
    "TypeScript": {
        "size": 20242485,
        "occurrences": 58,
        "color": "#3178c6",
        "prop": 31.64744601755467
    },
    "JavaScript": {
        "size": 2031449,
        "occurrences": 78,
        "color": "#f1e05a",
        "prop": 3.17600198616501
    },
    "CSS": {
        "size": 2121110,
        "occurrences": 56,
        "color": "#663399",
        "prop": 3.3161795215506094
    },
    "PLpgSQL": {
        "size": 3650,
        "occurrences": 2,
        "color": "#336790",
        "prop": 0.005706472202601338
    },
    "Vue": {
        "size": 326739,
        "occurrences": 5,
        "color": "#41b883",
        "prop": 0.5108293208234955
    },
    "Astro": {
        "size": 62711,
        "occurrences": 1,
        "color": "#ff5a03",
        "prop": 0.09804344610885823
    },
    "MDX": {
        "size": 194361,
        "occurrences": 6,
        "color": "#fcb32c",
        "prop": 0.30386729966295856
    },
    "TeX": {
        "size": 600287,
        "occurrences": 2,
        "color": "#3D6117",
        "prop": 0.9384989257761507
    },
    "HTML": {
        "size": 630876,
        "occurrences": 17,
        "color": "#e34c26",
        "prop": 0.9863222896680334
    },
    "Makefile": {
        "size": 3472,
        "occurrences": 3,
        "color": "#427819",
        "prop": 0.00542818396915941
    },
    "Perl": {
        "size": 396,
        "occurrences": 1,
        "color": "#0298c3",
        "prop": 0.0006191131485562
    },
    "Go": {
        "size": 343452,
        "occurrences": 5,
        "color": "#00ADD8",
        "prop": 0.5369587098432425
    },
    "Kotlin": {
        "size": 534945,
        "occurrences": 6,
        "color": "#A97BFF",
        "prop": 0.836342129430294
    },
    "Rust": {
        "size": 541705,
        "occurrences": 2,
        "color": "#dea584",
        "prop": 0.8469108286329199
    },
    "BibTeX Style": {
        "size": 28285,
        "occurrences": 1,
        "color": null,
        "prop": 0.04422125102755585
    },
    "RenderScript": {
        "size": 2,
        "occurrences": 2,
        "color": null,
        "prop": 3.126834083617172e-06
    },
    "Procfile": {
        "size": 64,
        "occurrences": 3,
        "color": "#3B2F63",
        "prop": 0.0001000586906757495
    },
    "Java": {
        "size": 2363613,
        "occurrences": 18,
        "color": "#b07219",
        "prop": 3.6953128444403167
    },
    "Solidity": {
        "size": 1638,
        "occurrences": 1,
        "color": "#AA6746",
        "prop": 0.0025608771144824635
    },
    "CMake": {
        "size": 132,
        "occurrences": 1,
        "color": "#DA3434",
        "prop": 0.00020637104951873336
    }
}