{
    "Shell": {
        "size": 1140899,
        "occurrences": 18,
        "color": "#89e051",
        "prop": 1.8743022390826152
    },
    "C": {
        "size": 412726,
        "occurrences": 12,
        "color": "#555555",
        "prop": 0.6780383416302507
    },
    "Roff": {
        "size": 196168,
        "occurrences": 2,
        "color": "#ecdebe",
        "prop": 0.32227052669549056
    },
    "C++": {
        "size": 104429,
        "occurrences": 1,
        "color": "#f34b7d",
        "prop": 0.17155901488664504
    },
    "Python": {
        "size": 23066323,
        "occurrences": 17,
        "color": "#3572A5",
        "prop": 37.89402992403607
    },
    "Vim Script": {
        "size": 5161,
        "occurrences": 1,
        "color": "#199f4b",
        "prop": 0.008478641716668503
    },
    "Assembly": {
        "size": 4440,
        "occurrences": 1,
        "color": "#6E4C13",
        "prop": 0.0072941618333672055
    },
    "Ruby": {
        "size": 1420,
        "occurrences": 1,
        "color": "#701516",
        "prop": 0.002332817523284106
    },
    "Dockerfile": {
        "size": 22995,
        "occurrences": 14,
        "color": "#384d54",
        "prop": 0.03777685841402678
    },
    "PowerShell": {
        "size": 26541,
        "occurrences": 2,
        "color": "#012456",
        "prop": 0.04360233090527005
    },
    "TypeScript": {
        "size": 17331310,
        "occurrences": 54,
        "color": "#3178c6",
        "prop": 28.47238286582329
    },
    "JavaScript": {
        "size": 2036974,
        "occurrences": 75,
        "color": "#f1e05a",
        "prop": 3.3464004518831825
    },
    "CSS": {
        "size": 2098283,
        "occurrences": 54,
        "color": "#663399",
        "prop": 3.447120669865595
    },
    "PLpgSQL": {
        "size": 9476,
        "occurrences": 3,
        "color": "#336790",
        "prop": 0.015567449894817037
    },
    "HTML": {
        "size": 630876,
        "occurrences": 17,
        "color": "#e34c26",
        "prop": 1.0364215407178758
    },
    "Makefile": {
        "size": 3472,
        "occurrences": 3,
        "color": "#427819",
        "prop": 0.005703903127353815
    },
    "Perl": {
        "size": 396,
        "occurrences": 1,
        "color": "#0298c3",
        "prop": 0.0006505603797327508
    },
    "Vue": {
        "size": 327760,
        "occurrences": 5,
        "color": "#41b883",
        "prop": 0.5384537122757738
    },
    "Jupyter Notebook": {
        "size": 8878702,
        "occurrences": 1,
        "color": "#DA5B0B",
        "prop": 14.58619127437862
    },
    "MDX": {
        "size": 129450,
        "occurrences": 5,
        "color": "#fcb32c",
        "prop": 0.21266424534445602
    },
    "Go": {
        "size": 343452,
        "occurrences": 5,
        "color": "#00ADD8",
        "prop": 0.5642329887373049
    },
    "Astro": {
        "size": 37051,
        "occurrences": 1,
        "color": "#ff5a03",
        "prop": 0.060868466236055935
    },
    "Kotlin": {
        "size": 534945,
        "occurrences": 6,
        "color": "#A97BFF",
        "prop": 0.8788232887276171
    },
    "TeX": {
        "size": 591911,
        "occurrences": 1,
        "color": "#3D6117",
        "prop": 0.9724086993131117
    },
    "Rust": {
        "size": 541705,
        "occurrences": 2,
        "color": "#dea584",
        "prop": 0.8899288144018429
    },
    "BibTeX Style": {
        "size": 28285,
        "occurrences": 1,
        "color": null,
        "prop": 0.046467425102880947
    },
    "RenderScript": {
        "size": 2,
        "occurrences": 2,
        "color": null,
        "prop": 3.285658483498741e-06
    },
    "Procfile": {
        "size": 64,
        "occurrences": 3,
        "color": "#3B2F63",
        "prop": 0.00010514107147195971
    },
    "Java": {
        "size": 2363613,
        "occurrences": 18,
        "color": "#b07219",
        "prop": 3.883012552578955
    },
    "Solidity": {
        "size": 1638,
        "occurrences": 1,
        "color": "#AA6746",
        "prop": 0.0026909542979854694
    },
    "CMake": {
        "size": 132,
        "occurrences": 1,
        "color": "#DA3434",
        "prop": 0.00021685345991091695
    }
}