{
    "TypeScript": {
        "size": 7386195,
        "occurrences": 46,
        "color": "#3178c6",
        "prop": 41.88935275739622
    },
    "Python": {
        "size": 821932,
        "occurrences": 13,
        "color": "#3572A5",
        "prop": 4.66142573958475
    },
    "JavaScript": {
        "size": 1974204,
        "occurrences": 68,
        "color": "#f1e05a",
        "prop": 11.196309841679328
    },
    "CSS": {
        "size": 2052690,
        "occurrences": 46,
        "color": "#563d7c",
        "prop": 11.641427759703019
    },
    "PLpgSQL": {
        "size": 8470,
        "occurrences": 2,
        "color": "#336790",
        "prop": 0.048035939730151446
    },
    "Dockerfile": {
        "size": 17118,
        "occurrences": 13,
        "color": "#384d54",
        "prop": 0.09708137146407704
    },
    "HTML": {
        "size": 168125,
        "occurrences": 15,
        "color": "#e34c26",
        "prop": 0.9534878827782423
    },
    "Procfile": {
        "size": 64,
        "occurrences": 3,
        "color": "#3B2F63",
        "prop": 0.0003629634170873309
    },
    "Shell": {
        "size": 1088443,
        "occurrences": 14,
        "color": "#89e051",
        "prop": 6.172890477887276
    },
    "C": {
        "size": 396654,
        "occurrences": 10,
        "color": "#555555",
        "prop": 2.249545175646221
    },
    "Roff": {
        "size": 188279,
        "occurrences": 1,
        "color": "#ecdebe",
        "prop": 1.0677873313403994
    },
    "C++": {
        "size": 104429,
        "occurrences": 1,
        "color": "#f34b7d",
        "prop": 0.5922485419220762
    },
    "Vim Script": {
        "size": 5161,
        "occurrences": 1,
        "color": "#199f4b",
        "prop": 0.02926959680605804
    },
    "Assembly": {
        "size": 4440,
        "occurrences": 1,
        "color": "#6E4C13",
        "prop": 0.025180587060433576
    },
    "Ruby": {
        "size": 1420,
        "occurrences": 1,
        "color": "#701516",
        "prop": 0.008053250816625153
    },
    "PowerShell": {
        "size": 844,
        "occurrences": 1,
        "color": "#012456",
        "prop": 0.004786580062839176
    },
    "Vue": {
        "size": 327760,
        "occurrences": 5,
        "color": "#41b883",
        "prop": 1.8588263997584933
    },
    "Makefile": {
        "size": 1930,
        "occurrences": 2,
        "color": "#427819",
        "prop": 0.010945615546539823
    },
    "Perl": {
        "size": 396,
        "occurrences": 1,
        "color": "#0298c3",
        "prop": 0.00224583614322786
    },
    "Astro": {
        "size": 33753,
        "occurrences": 1,
        "color": "#ff5a03",
        "prop": 0.1914235033898231
    },
    "MDX": {
        "size": 129374,
        "occurrences": 4,
        "color": "#fcb32c",
        "prop": 0.7337192050352553
    },
    "Kotlin": {
        "size": 534945,
        "occurrences": 6,
        "color": "#A97BFF",
        "prop": 3.033835393027847
    },
    "Java": {
        "size": 2363613,
        "occurrences": 18,
        "color": "#b07219",
        "prop": 13.404766424250584
    },
    "Solidity": {
        "size": 1638,
        "occurrences": 1,
        "color": "#AA6746",
        "prop": 0.009289594956078874
    },
    "CMake": {
        "size": 132,
        "occurrences": 1,
        "color": "#DA3434",
        "prop": 0.0007486120477426199
    },
    "Go": {
        "size": 20622,
        "occurrences": 2,
        "color": "#00ADD8",
        "prop": 0.11695361854960838
    }
}