{
    "TypeScript": {
        "size": 5772275,
        "occurrences": 42,
        "color": "#3178c6",
        "prop": 36.40155025883157
    },
    "JavaScript": {
        "size": 1877843,
        "occurrences": 64,
        "color": "#f1e05a",
        "prop": 11.842193302068086
    },
    "CSS": {
        "size": 2024727,
        "occurrences": 42,
        "color": "#563d7c",
        "prop": 12.768484116039739
    },
    "Python": {
        "size": 812764,
        "occurrences": 10,
        "color": "#3572A5",
        "prop": 5.125512834119821
    },
    "MDX": {
        "size": 124436,
        "occurrences": 3,
        "color": "#fcb32c",
        "prop": 0.784727565475998
    },
    "Shell": {
        "size": 1085427,
        "occurrences": 12,
        "color": "#89e051",
        "prop": 6.845000540132405
    },
    "C": {
        "size": 396654,
        "occurrences": 10,
        "color": "#555555",
        "prop": 2.5014089793654284
    },
    "Roff": {
        "size": 188279,
        "occurrences": 1,
        "color": "#ecdebe",
        "prop": 1.1873390441693352
    },
    "C++": {
        "size": 104429,
        "occurrences": 1,
        "color": "#f34b7d",
        "prop": 0.6585579328738708
    },
    "Vim Script": {
        "size": 5161,
        "occurrences": 1,
        "color": "#199f4b",
        "prop": 0.03254668235415495
    },
    "Assembly": {
        "size": 4440,
        "occurrences": 1,
        "color": "#6E4C13",
        "prop": 0.027999858487201698
    },
    "Ruby": {
        "size": 1420,
        "occurrences": 1,
        "color": "#701516",
        "prop": 0.0089549096963573
    },
    "Dockerfile": {
        "size": 12033,
        "occurrences": 9,
        "color": "#384d54",
        "prop": 0.07588340026497704
    },
    "PowerShell": {
        "size": 844,
        "occurrences": 1,
        "color": "#012456",
        "prop": 0.0053224956223419445
    },
    "Vue": {
        "size": 327760,
        "occurrences": 5,
        "color": "#41b883",
        "prop": 2.066944508505682
    },
    "Astro": {
        "size": 30125,
        "occurrences": 1,
        "color": "#ff5a03",
        "prop": 0.1899765173258899
    },
    "Kotlin": {
        "size": 534945,
        "occurrences": 6,
        "color": "#A97BFF",
        "prop": 3.3735099771252512
    },
    "Java": {
        "size": 2363613,
        "occurrences": 18,
        "color": "#b07219",
        "prop": 14.905592233898709
    },
    "HTML": {
        "size": 165314,
        "occurrences": 11,
        "color": "#e34c26",
        "prop": 1.0425154517912751
    },
    "Makefile": {
        "size": 1930,
        "occurrences": 2,
        "color": "#427819",
        "prop": 0.012171109657725063
    },
    "Perl": {
        "size": 396,
        "occurrences": 1,
        "color": "#0298c3",
        "prop": 0.002497284675885557
    },
    "Solidity": {
        "size": 1638,
        "occurrences": 1,
        "color": "#AA6746",
        "prop": 0.010329677522981168
    },
    "Procfile": {
        "size": 16,
        "occurrences": 1,
        "color": "#3B2F63",
        "prop": 0.00010090039094487099
    },
    "CMake": {
        "size": 132,
        "occurrences": 1,
        "color": "#DA3434",
        "prop": 0.0008324282252951856
    },
    "Go": {
        "size": 20622,
        "occurrences": 2,
        "color": "#00ADD8",
        "prop": 0.1300479913790706
    }
}