{
    "Python": {
        "size": 817943,
        "occurrences": 12,
        "color": "#3572A5",
        "prop": 4.670975380188499
    },
    "Vue": {
        "size": 327760,
        "occurrences": 5,
        "color": "#41b883",
        "prop": 1.8717183111911007
    },
    "JavaScript": {
        "size": 1975247,
        "occurrences": 68,
        "color": "#f1e05a",
        "prop": 11.279918168859188
    },
    "CSS": {
        "size": 2052691,
        "occurrences": 46,
        "color": "#563d7c",
        "prop": 11.722172723691639
    },
    "TypeScript": {
        "size": 7269540,
        "occurrences": 46,
        "color": "#3178c6",
        "prop": 41.51370250163581
    },
    "Dockerfile": {
        "size": 17118,
        "occurrences": 13,
        "color": "#384d54",
        "prop": 0.09775468040935215
    },
    "HTML": {
        "size": 168125,
        "occurrences": 15,
        "color": "#e34c26",
        "prop": 0.9601008087289595
    },
    "PLpgSQL": {
        "size": 6645,
        "occurrences": 1,
        "color": "#336790",
        "prop": 0.03794718140671487
    },
    "Shell": {
        "size": 1088443,
        "occurrences": 14,
        "color": "#89e051",
        "prop": 6.2157026293256505
    },
    "Makefile": {
        "size": 1930,
        "occurrences": 2,
        "color": "#427819",
        "prop": 0.011021528986449916
    },
    "Perl": {
        "size": 396,
        "occurrences": 1,
        "color": "#0298c3",
        "prop": 0.002261412165095423
    },
    "C": {
        "size": 396654,
        "occurrences": 10,
        "color": "#555555",
        "prop": 2.2651469215498987
    },
    "Roff": {
        "size": 188279,
        "occurrences": 1,
        "color": "#ecdebe",
        "prop": 1.0751929824040434
    },
    "C++": {
        "size": 104429,
        "occurrences": 1,
        "color": "#f34b7d",
        "prop": 0.5963560883554291
    },
    "Vim Script": {
        "size": 5161,
        "occurrences": 1,
        "color": "#199f4b",
        "prop": 0.029472596424387574
    },
    "Assembly": {
        "size": 4440,
        "occurrences": 1,
        "color": "#6E4C13",
        "prop": 0.025355227305615347
    },
    "Ruby": {
        "size": 1420,
        "occurrences": 1,
        "color": "#701516",
        "prop": 0.008109104228372476
    },
    "PowerShell": {
        "size": 844,
        "occurrences": 1,
        "color": "#012456",
        "prop": 0.004819777442779134
    },
    "Procfile": {
        "size": 40,
        "occurrences": 2,
        "color": "#3B2F63",
        "prop": 0.0002284254712217599
    },
    "Astro": {
        "size": 33753,
        "occurrences": 1,
        "color": "#ff5a03",
        "prop": 0.19275112325370156
    },
    "MDX": {
        "size": 129374,
        "occurrences": 4,
        "color": "#fcb32c",
        "prop": 0.7388079228460991
    },
    "Kotlin": {
        "size": 534945,
        "occurrences": 6,
        "color": "#A97BFF",
        "prop": 3.054876592568109
    },
    "Java": {
        "size": 2363613,
        "occurrences": 18,
        "color": "#b07219",
        "prop": 13.49773533277194
    },
    "Solidity": {
        "size": 1638,
        "occurrences": 1,
        "color": "#AA6746",
        "prop": 0.009354023046531068
    },
    "CMake": {
        "size": 132,
        "occurrences": 1,
        "color": "#DA3434",
        "prop": 0.0007538040550318076
    },
    "Go": {
        "size": 20622,
        "occurrences": 2,
        "color": "#00ADD8",
        "prop": 0.11776475168837831
    }
}