{
    "Shell": {
        "size": 1150288,
        "occurrences": 19,
        "color": "#89e051",
        "prop": 1.786812373159347
    },
    "C": {
        "size": 412726,
        "occurrences": 12,
        "color": "#555555",
        "prop": 0.6411124201283197
    },
    "Roff": {
        "size": 196168,
        "occurrences": 2,
        "color": "#ecdebe",
        "prop": 0.3047196959525986
    },
    "C++": {
        "size": 104429,
        "occurrences": 1,
        "color": "#f34b7d",
        "prop": 0.16221592272253335
    },
    "Python": {
        "size": 23130540,
        "occurrences": 17,
        "color": "#3572A5",
        "prop": 35.9300758330585
    },
    "Vim Script": {
        "size": 5161,
        "occurrences": 1,
        "color": "#199f4b",
        "prop": 0.00801689547128666
    },
    "Assembly": {
        "size": 4440,
        "occurrences": 1,
        "color": "#6E4C13",
        "prop": 0.006896922281052659
    },
    "Ruby": {
        "size": 1420,
        "occurrences": 1,
        "color": "#701516",
        "prop": 0.0022057724412375616
    },
    "Dockerfile": {
        "size": 23435,
        "occurrences": 14,
        "color": "#384d54",
        "prop": 0.036403012084790326
    },
    "PowerShell": {
        "size": 26541,
        "occurrences": 2,
        "color": "#012456",
        "prop": 0.041227750959778965
    },
    "TypeScript": {
        "size": 20640089,
        "occurrences": 58,
        "color": "#3178c6",
        "prop": 32.06150669076799
    },
    "Astro": {
        "size": 68130,
        "occurrences": 1,
        "color": "#ff5a03",
        "prop": 0.10583047635317966
    },
    "MDX": {
        "size": 194333,
        "occurrences": 6,
        "color": "#fcb32c",
        "prop": 0.30186927874860503
    },
    "CSS": {
        "size": 2126837,
        "occurrences": 56,
        "color": "#663399",
        "prop": 3.3037453814115296
    },
    "TeX": {
        "size": 600512,
        "occurrences": 2,
        "color": "#3D6117",
        "prop": 0.9328118452341203
    },
    "JavaScript": {
        "size": 2033821,
        "occurrences": 78,
        "color": "#f1e05a",
        "prop": 3.1592579663452245
    },
    "Jupyter Notebook": {
        "size": 8878702,
        "occurrences": 1,
        "color": "#DA5B0B",
        "prop": 13.791828299690719
    },
    "PLpgSQL": {
        "size": 3650,
        "occurrences": 2,
        "color": "#336790",
        "prop": 0.005669767190505001
    },
    "Vue": {
        "size": 326739,
        "occurrences": 5,
        "color": "#41b883",
        "prop": 0.5075435786461407
    },
    "HTML": {
        "size": 630876,
        "occurrences": 17,
        "color": "#e34c26",
        "prop": 0.9799780948156254
    },
    "Makefile": {
        "size": 3472,
        "occurrences": 3,
        "color": "#427819",
        "prop": 0.00539326895491325
    },
    "Perl": {
        "size": 396,
        "occurrences": 1,
        "color": "#0298c3",
        "prop": 0.0006151309061479399
    },
    "Go": {
        "size": 343452,
        "occurrences": 5,
        "color": "#00ADD8",
        "prop": 0.5335048989351572
    },
    "Kotlin": {
        "size": 534945,
        "occurrences": 6,
        "color": "#A97BFF",
        "prop": 0.8309626328012871
    },
    "Rust": {
        "size": 541705,
        "occurrences": 2,
        "color": "#dea584",
        "prop": 0.841463352310277
    },
    "BibTeX Style": {
        "size": 28285,
        "occurrences": 1,
        "color": null,
        "prop": 0.04393681232422848
    },
    "RenderScript": {
        "size": 2,
        "occurrences": 2,
        "color": null,
        "prop": 3.1067217482219183e-06
    },
    "Procfile": {
        "size": 64,
        "occurrences": 3,
        "color": "#3B2F63",
        "prop": 9.941509594310139e-05
    },
    "Java": {
        "size": 2363613,
        "occurrences": 18,
        "color": "#b07219",
        "prop": 3.671543955740027
    },
    "Solidity": {
        "size": 1638,
        "occurrences": 1,
        "color": "#AA6746",
        "prop": 0.0025444051117937514
    },
    "CMake": {
        "size": 132,
        "occurrences": 1,
        "color": "#DA3434",
        "prop": 0.0002050436353826466
    }
}