{
    "TypeScript": {
        "size": 9577621,
        "occurrences": 46,
        "color": "#3178c6",
        "prop": 47.45434852728634
    },
    "JavaScript": {
        "size": 1973293,
        "occurrences": 68,
        "color": "#f1e05a",
        "prop": 9.777097440841983
    },
    "CSS": {
        "size": 2057561,
        "occurrences": 47,
        "color": "#563d7c",
        "prop": 10.194621066144903
    },
    "Dockerfile": {
        "size": 22070,
        "occurrences": 14,
        "color": "#384d54",
        "prop": 0.10935048192001015
    },
    "Shell": {
        "size": 1088589,
        "occurrences": 14,
        "color": "#89e051",
        "prop": 5.393644393421927
    },
    "Python": {
        "size": 1024192,
        "occurrences": 16,
        "color": "#3572A5",
        "prop": 5.074575839538697
    },
    "Astro": {
        "size": 37057,
        "occurrences": 1,
        "color": "#ff5a03",
        "prop": 0.1836067425695431
    },
    "MDX": {
        "size": 129374,
        "occurrences": 4,
        "color": "#fcb32c",
        "prop": 0.6410108404132031
    },
    "HTML": {
        "size": 179738,
        "occurrences": 17,
        "color": "#e34c26",
        "prop": 0.890549928379646
    },
    "Makefile": {
        "size": 1930,
        "occurrences": 2,
        "color": "#427819",
        "prop": 0.009562593117608499
    },
    "Perl": {
        "size": 396,
        "occurrences": 1,
        "color": "#0298c3",
        "prop": 0.0019620657381207076
    },
    "C": {
        "size": 405643,
        "occurrences": 11,
        "color": "#555555",
        "prop": 2.009844020728531
    },
    "Roff": {
        "size": 188279,
        "occurrences": 1,
        "color": "#ecdebe",
        "prop": 0.9328681189586584
    },
    "C++": {
        "size": 104429,
        "occurrences": 1,
        "color": "#f34b7d",
        "prop": 0.5174155630459782
    },
    "Vim Script": {
        "size": 5161,
        "occurrences": 1,
        "color": "#199f4b",
        "prop": 0.025571265844547907
    },
    "Assembly": {
        "size": 4440,
        "occurrences": 1,
        "color": "#6E4C13",
        "prop": 0.02199891888195945
    },
    "Ruby": {
        "size": 1420,
        "occurrences": 1,
        "color": "#701516",
        "prop": 0.007035690273059103
    },
    "PowerShell": {
        "size": 844,
        "occurrences": 1,
        "color": "#012456",
        "prop": 0.004181776472156256
    },
    "PLpgSQL": {
        "size": 3650,
        "occurrences": 2,
        "color": "#336790",
        "prop": 0.018084696828637836
    },
    "Procfile": {
        "size": 151,
        "occurrences": 4,
        "color": "#3B2F63",
        "prop": 0.0007481614304450173
    },
    "TeX": {
        "size": 59543,
        "occurrences": 1,
        "color": "#3D6117",
        "prop": 0.29501838445687195
    },
    "Rust": {
        "size": 48591,
        "occurrences": 1,
        "color": "#dea584",
        "prop": 0.24075438454803866
    },
    "Go": {
        "size": 40749,
        "occurrences": 3,
        "color": "#00ADD8",
        "prop": 0.20189953727949678
    },
    "RenderScript": {
        "size": 1,
        "occurrences": 1,
        "color": null,
        "prop": 4.954711459900777e-06
    },
    "Vue": {
        "size": 327760,
        "occurrences": 5,
        "color": "#41b883",
        "prop": 1.6239562280970787
    },
    "Kotlin": {
        "size": 534945,
        "occurrences": 6,
        "color": "#A97BFF",
        "prop": 2.650498121916621
    },
    "Java": {
        "size": 2363613,
        "occurrences": 18,
        "color": "#b07219",
        "prop": 11.711020417870454
    },
    "Solidity": {
        "size": 1638,
        "occurrences": 1,
        "color": "#AA6746",
        "prop": 0.008115817371317472
    },
    "CMake": {
        "size": 132,
        "occurrences": 1,
        "color": "#DA3434",
        "prop": 0.0006540219127069025
    }
}